1,969116.52,600595.6,428.545,10;42;28 AM
2,969068.07,600658.43,450.316,10;42;33 AM
3,968979.49,600786.45,474.78,10;42;37 AM
4,968852.76,600993.46,497.579,10;42;42 AM
5,968684.17,601256.61,530.13,10;42;47 AM
6,968495.39,601558.66,546.57,10;42;52 AM
7,968306.18,601907.4,557.803,10;42;57 AM
8,968145.39,602311.87,569.186,10;43;02 AM
9,968109.96,602759.09,574.408,10;43;07 AM
10,968281.85,603166.04,579.003,10;43;12 AM
11,968611.39,603441.35,565.844,10;43;17 AM
12,969016.9,603488.67,553.899,10;43;22 AM
13,969385.27,603276.74,538.487,10;43;27 AM
14,969653.57,602919.03,516.779,10;43;32 AM
15,969949.25,602593.37,501.95,10;43;37 AM
16,970307.74,602355.28,483.46,10;43;42 AM
17,970673.52,602186.69,449.794,10;43;47 AM
18,971010.12,602045.49,420.901,10;43;52 AM
19,971321.46,601938.54,396.662,10;43;57 AM
20,971607.27,601926.88,383.962,10;44;02 AM
21,971821.84,601918.65,377.51,10;44;07 AM
22,971948.75,601906.38,367.267,10;44;12 AM
23,972011.82,601909.08,364.748,10;44;17 AM
24,972041.52,601910.22,362.221,10;44;22 AM
25,972053.33,601912.64,359.76,10;44;27 AM
26,972059.61,601912.27,356.687,10;44;32 AM
27,972064.08,601912.44,354.743,10;44;37 AM
28,972064.59,601912.97,354.138,10;44;42 AM
29,972064.6,601912.99,354.141,10;44;47 AM
30,972064.61,601913.0,354.142,10;44;52 AM
31,972064.61,601913.0,354.138,10;44;57 AM
32,972064.61,601913.0,354.163,10;45;02 AM
33,972064.61,601913.0,354.168,10;45;07 AM
34,972064.6,601913.01,354.163,10;45;12 AM
35,972064.6,601913.01,354.175,10;45;17 AM
36,972064.6,601913.01,354.181,10;45;22 AM
37,972064.59,601913.01,354.168,10;45;27 AM
38,972064.59,601913.01,354.17,10;45;32 AM
39,972064.59,601913.0,354.163,10;45;37 AM
40,972064.59,601912.99,354.173,10;45;42 AM
41,972064.58,601913.01,354.156,10;45;47 AM
42,972064.57,601913.04,354.114,10;45;52 AM
43,972064.56,601913.02,354.119,10;45;57 AM
44,972064.58,601913.02,354.124,10;46;02 AM
45,972064.58,601913.03,354.075,10;46;07 AM
46,972064.58,601913.02,354.074,10;46;12 AM
47,972064.58,601913.0,354.08,10;46;17 AM
48,972064.57,601913.02,354.028,10;46;22 AM
49,972064.57,601913.08,353.952,10;46;27 AM
50,972064.57,601913.02,353.969,10;46;32 AM
51,972064.55,601913.03,353.942,10;46;37 AM
52,972064.58,601913.04,353.947,10;46;42 AM
53,972064.58,601913.02,353.979,10;46;47 AM
54,972064.6,601913.03,353.964,10;46;52 AM
55,972064.61,601913.03,353.962,10;46;57 AM
56,972064.62,601913.04,353.988,10;47;02 AM
57,972064.59,601913.03,353.965,10;47;07 AM
58,972064.59,601913.05,353.992,10;47;12 AM
59,972064.6,601913.02,354.032,10;47;17 AM
60,972064.6,601913.04,354.011,10;47;22 AM
61,972064.58,601913.02,354.03,10;47;27 AM
62,972064.56,601913.0,354.021,10;47;32 AM
63,972064.56,601913.01,353.998,10;47;37 AM
64,972064.54,601913.02,353.963,10;47;42 AM
65,972064.54,601913.04,353.926,10;47;47 AM
66,972064.55,601913.05,353.897,10;47;52 AM
67,972064.52,601913.0,353.975,10;47;57 AM
68,972064.52,601912.99,353.995,10;48;02 AM
69,972064.54,601912.99,354.0,10;48;07 AM
70,972064.54,601913.0,354.034,10;48;12 AM
71,972064.54,601913.02,353.993,10;48;17 AM
72,972064.55,601913.04,353.971,10;48;22 AM
73,972064.55,601913.01,353.993,10;48;27 AM
74,972064.53,601913.02,353.987,10;48;32 AM
75,972064.54,601913.02,354.033,10;48;37 AM
76,972064.56,601913.0,354.084,10;48;42 AM
77,972064.57,601913.0,354.066,10;48;47 AM
78,972064.57,601913.0,354.046,10;48;52 AM
79,972064.58,601913.02,354.051,10;48;57 AM
80,972064.61,601913.01,354.109,10;49;02 AM
81,972064.6,601913.02,353.979,10;49;07 AM
82,972064.61,601913.05,353.811,10;49;12 AM
83,972064.59,601913.05,353.788,10;49;17 AM
84,972064.6,601913.01,353.918,10;49;22 AM
85,972064.61,601913.01,353.913,10;49;27 AM
86,972064.63,601913.01,353.873,10;49;32 AM
87,972064.64,601913.03,353.865,10;49;37 AM
88,972064.65,601913.02,353.948,10;49;42 AM
89,972064.65,601913.04,353.896,10;49;47 AM
90,972064.62,601913.04,353.942,10;49;52 AM
91,972064.6,601913.0,354.087,10;49;57 AM
92,972064.61,601913.01,354.253,10;50;02 AM
93,972064.61,601913.02,354.305,10;50;07 AM
94,972064.62,601913.0,354.371,10;50;12 AM
95,972064.58,601913.02,354.247,10;50;17 AM
96,972064.55,601913.02,354.063,10;50;22 AM
97,972064.55,601913.04,353.905,10;50;27 AM
98,972064.59,601913.01,353.947,10;50;32 AM
99,972064.62,601913.01,353.958,10;50;37 AM
100,972064.66,601913.05,353.867,10;50;42 AM
101,972064.67,601913.02,353.853,10;50;47 AM
102,972064.66,601913.02,353.895,10;50;52 AM
103,972064.62,601912.96,354.134,10;50;57 AM
104,972064.6,601912.97,354.228,10;51;02 AM
105,972064.62,601912.98,354.163,10;51;07 AM
106,972064.64,601912.98,354.081,10;51;12 AM
107,972064.66,601913.01,354.076,10;51;17 AM
108,972064.69,601913.05,354.07,10;51;22 AM
109,972064.69,601913.03,354.053,10;51;27 AM
110,972064.62,601912.97,354.077,10;51;32 AM
111,972064.6,601912.98,354.047,10;51;37 AM
112,972064.61,601913.0,354.115,10;51;42 AM
113,972064.61,601913.0,354.129,10;51;47 AM
114,972064.61,601912.99,354.124,10;51;52 AM
115,972064.63,601913.0,354.076,10;51;57 AM
116,972064.63,601913.0,354.124,10;52;02 AM
117,972064.62,601912.98,354.164,10;52;07 AM
118,972064.6,601912.98,354.162,10;52;12 AM
119,972064.58,601912.99,354.173,10;52;17 AM
120,972064.6,601912.96,354.162,10;52;22 AM
121,972064.6,601912.96,354.078,10;52;27 AM
122,972064.61,601912.97,354.044,10;52;32 AM
123,972064.62,601912.95,354.125,10;52;37 AM
124,972064.62,601912.94,354.143,10;52;42 AM
125,972064.61,601912.97,354.074,10;52;47 AM
126,972064.6,601912.95,354.086,10;52;52 AM
127,972064.61,601912.99,354.049,10;52;57 AM
128,972064.63,601913.0,354.07,10;53;02 AM
129,972064.65,601912.99,354.11,10;53;07 AM
130,972064.64,601912.99,354.066,10;53;12 AM
131,972064.63,601912.97,353.943,10;53;17 AM
132,972064.63,601912.96,353.908,10;53;22 AM
133,972064.64,601912.95,353.973,10;53;27 AM
134,972064.69,601912.97,354.06,10;53;32 AM
135,972064.73,601913.0,354.127,10;53;37 AM
136,972064.7,601913.02,354.162,10;53;42 AM
137,972064.65,601913.02,354.116,10;53;47 AM
138,972064.64,601913.0,354.032,10;53;52 AM
139,972064.66,601912.98,353.958,10;53;57 AM
140,972064.63,601912.98,353.951,10;54;02 AM
141,972064.64,601912.96,354.062,10;54;07 AM
142,972064.65,601912.95,354.197,10;54;12 AM
143,972064.68,601912.97,354.301,10;54;17 AM
144,972064.69,601912.97,354.344,10;54;22 AM
145,972064.66,601912.96,354.337,10;54;27 AM
146,972064.63,601912.95,354.316,10;54;32 AM
147,972064.61,601912.96,354.271,10;54;37 AM
148,972064.62,601912.99,354.238,10;54;42 AM
149,972064.64,601912.97,354.276,10;54;47 AM
150,972064.62,601912.97,354.287,10;54;52 AM
151,972064.62,601912.97,354.246,10;54;57 AM
152,972064.62,601912.96,354.18,10;55;02 AM
153,972064.62,601912.99,354.138,10;55;07 AM
154,972064.64,601913.01,354.119,10;55;12 AM
155,972064.65,601913.03,354.119,10;55;17 AM
156,972064.63,601913.02,354.113,10;55;22 AM
157,972064.61,601912.99,354.064,10;55;27 AM
158,972064.64,601913.02,353.929,10;55;32 AM
159,972064.71,601913.09,353.847,10;55;37 AM
160,972064.74,601913.05,353.986,10;55;42 AM
161,972064.72,601913.04,354.1,10;55;47 AM
162,972064.74,601913.06,354.112,10;55;52 AM
163,972064.78,601913.06,354.141,10;55;57 AM
164,972064.78,601913.05,354.17,10;56;02 AM
165,972064.78,601913.04,354.191,10;56;07 AM
166,972064.75,601913.05,354.194,10;56;12 AM
167,972064.73,601913.02,354.207,10;56;17 AM
168,972064.7,601913.02,354.138,10;56;22 AM
169,972064.66,601913.03,353.978,10;56;27 AM
170,972064.62,601912.99,353.869,10;56;32 AM
171,972064.62,601913.02,353.885,10;56;37 AM
172,972064.62,601913.0,354.059,10;56;42 AM
173,972064.6,601913.01,354.111,10;56;47 AM
174,972064.62,601913.0,354.112,10;56;52 AM
175,972064.7,601913.05,353.972,10;56;57 AM
176,972064.75,601913.08,353.856,10;57;02 AM
177,972064.75,601913.08,353.803,10;57;07 AM
178,972064.74,601913.06,353.81,10;57;12 AM
179,972064.73,601913.07,353.805,10;57;17 AM
180,972064.65,601913.03,353.844,10;57;22 AM
181,972064.62,601913.0,353.903,10;57;27 AM
182,972064.63,601912.99,354.022,10;57;32 AM
183,972064.63,601912.98,354.077,10;57;37 AM
184,972064.62,601912.99,354.059,10;57;42 AM
185,972064.59,601912.99,354.064,10;57;47 AM
186,972064.58,601912.97,354.1,10;57;52 AM
187,972064.6,601912.98,354.102,10;57;57 AM
188,972064.59,601912.97,354.114,10;58;02 AM
189,972064.62,601912.98,354.117,10;58;07 AM
190,972064.62,601912.98,354.122,10;58;12 AM
191,972064.6,601912.97,354.136,10;58;17 AM
192,972064.59,601912.98,354.103,10;58;22 AM
193,972064.61,601912.99,354.058,10;58;27 AM
194,972064.63,601913.0,354.028,10;58;32 AM
195,972064.62,601913.02,354.023,10;58;37 AM
196,972064.61,601913.01,354.092,10;58;42 AM
197,972064.63,601913.01,354.249,10;58;47 AM
198,972064.63,601913.0,354.321,10;58;52 AM
199,972064.63,601912.99,354.353,10;58;57 AM
200,972064.63,601912.99,354.367,10;59;02 AM
201,972064.63,601912.99,354.396,10;59;07 AM
202,972064.63,601913.01,354.257,10;59;12 AM
203,972064.65,601913.1,354.063,10;59;17 AM
204,972064.72,601913.17,353.91,10;59;22 AM
205,972064.64,601913.06,353.863,10;59;27 AM
206,972064.59,601913.06,353.827,10;59;32 AM
207,972064.57,601913.02,353.905,10;59;37 AM
208,972064.55,601913.05,353.922,10;59;41 AM
209,972064.56,601913.05,353.949,10;59;46 AM
210,972064.55,601913.07,353.832,10;59;51 AM
211,972064.55,601913.09,353.695,10;59;56 AM
212,972064.57,601913.07,353.681,11;00;01 AM
213,972064.56,601913.06,353.669,11;00;06 AM
214,972064.57,601913.06,353.679,11;00;11 AM
215,972064.59,601913.08,353.723,11;00;16 AM
216,972064.59,601913.08,353.756,11;00;21 AM
217,972064.58,601913.07,353.746,11;00;26 AM
218,972064.58,601913.07,353.732,11;00;31 AM
219,972064.57,601913.09,353.726,11;00;36 AM
220,972064.57,601913.14,353.749,11;00;41 AM
221,972064.58,601913.12,353.813,11;00;46 AM
222,972064.59,601913.13,353.819,11;00;51 AM
223,972064.59,601913.11,353.841,11;00;56 AM
224,972064.6,601913.08,353.824,11;01;01 AM
225,972064.63,601913.1,353.791,11;01;06 AM
226,972064.64,601913.11,353.82,11;01;11 AM
227,972064.6,601913.08,353.92,11;01;16 AM
228,972064.57,601913.07,353.967,11;01;21 AM
229,972064.58,601913.09,353.967,11;01;26 AM
230,972064.59,601913.09,353.978,11;01;31 AM
231,972064.59,601913.06,354.008,11;01;36 AM
232,972064.59,601913.04,354.065,11;01;41 AM
233,972064.6,601913.06,354.114,11;01;46 AM
234,972064.58,601913.1,354.107,11;01;51 AM
235,972064.58,601913.12,354.038,11;01;56 AM
236,972064.57,601913.14,353.983,11;02;01 AM
237,972064.56,601913.12,353.976,11;02;06 AM
238,972064.56,601913.12,354.005,11;02;11 AM
239,972064.57,601913.08,354.039,11;02;16 AM
240,972064.58,601913.11,354.006,11;02;21 AM
241,972064.6,601913.12,354.016,11;02;26 AM
242,972064.61,601913.14,353.996,11;02;31 AM
243,972064.61,601913.11,354.028,11;02;36 AM
244,972064.63,601913.07,354.088,11;02;41 AM
245,972064.61,601913.08,354.077,11;02;46 AM
246,972064.61,601913.08,354.104,11;02;51 AM
247,972064.63,601913.07,354.127,11;02;56 AM
248,972064.62,601913.06,354.099,11;03;01 AM
249,972064.61,601913.06,354.068,11;03;06 AM
250,972064.59,601913.06,354.065,11;03;11 AM
251,972064.59,601913.07,354.049,11;03;16 AM
252,972064.58,601913.13,353.988,11;03;21 AM
253,972064.57,601913.13,354.003,11;03;26 AM
254,972064.56,601913.13,354.025,11;03;31 AM
255,972064.58,601913.1,354.077,11;03;36 AM
256,972064.61,601913.15,354.033,11;03;41 AM
257,972064.6,601913.15,354.043,11;03;46 AM
258,972064.59,601913.15,354.013,11;03;51 AM
259,972064.59,601913.12,354.02,11;03;56 AM
260,972064.59,601913.14,353.944,11;04;01 AM
261,972064.59,601913.14,353.926,11;04;06 AM
262,972064.58,601913.14,353.895,11;04;11 AM
263,972064.61,601913.16,353.903,11;04;16 AM
264,972064.62,601913.15,353.917,11;04;21 AM
265,972064.6,601913.14,353.922,11;04;26 AM
266,972064.61,601913.15,353.933,11;04;31 AM
267,972064.62,601913.15,353.944,11;04;36 AM
268,972064.61,601913.14,353.936,11;04;41 AM
269,972064.56,601913.12,353.902,11;04;46 AM
270,972064.56,601913.09,353.937,11;04;51 AM
271,972064.58,601913.11,353.892,11;04;56 AM
272,972064.58,601913.11,353.902,11;05;01 AM
273,972064.56,601913.12,353.918,11;05;06 AM
274,972064.56,601913.12,353.944,11;05;11 AM
275,972064.6,601913.13,353.986,11;05;16 AM
276,972064.61,601913.14,354.012,11;05;21 AM
277,972064.6,601913.11,353.976,11;05;26 AM
278,972064.62,601913.06,353.999,11;05;31 AM
279,972064.61,601913.06,354.006,11;05;36 AM
280,972064.6,601913.03,354.001,11;05;41 AM
281,972064.59,601913.04,353.978,11;05;46 AM
282,972064.56,601913.09,353.979,11;05;51 AM
283,972064.56,601913.1,353.989,11;05;56 AM
284,972064.57,601913.14,354.011,11;06;01 AM
285,972064.57,601913.13,354.018,11;06;06 AM
286,972064.61,601913.12,353.986,11;06;11 AM
287,972064.61,601913.14,354.006,11;06;16 AM
288,972065.87,601913.54,354.811,11;06;21 AM
289,972083.67,601918.0,356.834,11;06;26 AM
290,972107.72,601926.34,357.057,11;06;31 AM
291,972132.95,601931.84,357.868,11;06;36 AM
292,972158.21,601938.44,358.632,11;06;41 AM
293,972174.27,601945.7,358.544,11;06;46 AM
294,972179.47,601946.1,359.952,11;06;51 AM
295,972180.51,601946.75,360.682,11;06;56 AM
296,972183.11,601949.61,361.169,11;07;01 AM
297,972187.22,601952.52,360.581,11;07;06 AM
298,972192.6,601954.78,359.781,11;07;11 AM
299,972194.89,601952.27,359.838,11;07;16 AM
300,972199.18,601956.61,360.521,11;07;21 AM
301,972202.05,601954.16,361.017,11;07;26 AM
302,972206.46,601959.56,361.191,11;07;31 AM
303,972220.33,601986.31,364.134,11;07;36 AM
304,972262.21,602065.77,360.862,11;07;41 AM
305,972284.0,602224.28,363.413,11;07;46 AM
306,972206.87,602440.88,379.105,11;07;51 AM
307,972069.2,602740.57,404.72,11;07;56 AM
308,971853.39,603099.5,430.446,11;08;01 AM
309,971480.94,603382.68,455.613,11;08;06 AM
310,971007.17,603548.41,500.819,11;08;11 AM
311,970482.72,603647.91,535.299,11;08;16 AM
312,969933.34,603685.62,562.958,11;08;21 AM
313,969351.95,603698.4,588.633,11;08;26 AM
314,968756.8,603695.22,636.824,11;08;31 AM
315,968171.78,603638.9,683.416,11;08;36 AM
316,967622.95,603503.75,742.29,11;08;41 AM
317,967100.24,603288.89,789.692,11;08;46 AM
318,966596.46,603033.02,836.982,11;08;51 AM
319,966118.03,602760.33,889.044,11;08;56 AM
320,965639.94,602490.11,934.642,11;09;01 AM
321,965159.65,602224.05,979.586,11;09;06 AM
322,964676.61,601957.35,1000.748,11;09;11 AM
323,964186.78,601688.96,1026.271,11;09;16 AM
324,963680.49,601411.1,1053.351,11;09;21 AM
325,963156.31,601151.58,1074.01,11;09;26 AM
326,962624.1,600894.52,1092.42,11;09;31 AM
327,962102.58,600605.0,1113.269,11;09;36 AM
328,961583.07,600299.76,1123.719,11;09;41 AM
329,961063.41,599989.53,1119.062,11;09;46 AM
330,960548.57,599679.68,1114.9,11;09;51 AM
331,960025.38,599387.54,1113.031,11;09;56 AM
332,959494.21,599119.11,1113.761,11;10;01 AM
333,958954.53,598875.47,1112.407,11;10;06 AM
334,958424.61,598630.35,1111.325,11;10;11 AM
335,957916.24,598356.66,1109.933,11;10;16 AM
336,957410.24,598076.69,1089.095,11;10;21 AM
337,956908.21,597775.12,1059.154,11;10;26 AM
338,956419.66,597448.36,1045.052,11;10;31 AM
339,955936.76,597123.52,1025.811,11;10;36 AM
340,955454.97,596792.92,1001.43,11;10;41 AM
341,954973.11,596460.97,989.395,11;10;46 AM
342,954497.06,596129.38,980.572,11;10;51 AM
343,954036.91,595792.69,967.312,11;10;56 AM
344,953584.82,595456.56,946.4,11;11;01 AM
345,953130.34,595136.77,928.037,11;11;06 AM
346,952670.32,594843.09,924.384,11;11;11 AM
347,952213.72,594548.37,923.313,11;11;16 AM
348,951754.6,594248.31,938.292,11;11;21 AM
349,951297.56,593949.05,952.493,11;11;26 AM
350,950834.62,593647.23,959.041,11;11;31 AM
351,950368.84,593350.33,949.816,11;11;36 AM
352,949905.95,593050.42,920.126,11;11;41 AM
353,949450.54,592749.56,900.701,11;11;46 AM
354,949005.73,592447.84,885.335,11;11;51 AM
355,948566.59,592149.9,889.219,11;11;56 AM
356,948144.7,591846.89,907.722,11;12;01 AM
357,947739.23,591553.19,931.941,11;12;06 AM
358,947357.65,591269.52,963.79,11;12;11 AM
359,946989.5,590985.8,989.762,11;12;16 AM
360,946615.94,590687.31,983.234,11;12;21 AM
361,946227.64,590385.46,967.826,11;12;26 AM
362,945830.81,590082.82,951.651,11;12;31 AM
363,945498.85,589726.7,944.332,11;12;36 AM
364,945346.31,589281.04,940.269,11;12;41 AM
365,945455.14,588837.32,947.752,11;12;46 AM
366,945802.36,588571.05,976.724,11;12;51 AM
367,946243.61,588594.54,971.432,11;12;56 AM
368,946535.55,588913.44,962.337,11;13;01 AM
369,946521.1,589327.06,952.648,11;13;06 AM
370,946217.83,589615.92,947.565,11;13;11 AM
371,945802.83,589759.74,951.885,11;13;16 AM
372,945388.96,589942.16,965.881,11;13;21 AM
373,945119.41,590292.86,970.391,11;13;26 AM
374,945068.69,590754.69,938.981,11;13;31 AM
375,945267.55,591190.87,920.602,11;13;36 AM
376,945662.25,591452.62,912.429,11;13;41 AM
377,946104.35,591444.46,907.468,11;13;46 AM
378,946423.29,591167.26,882.287,11;13;51 AM
379,946510.01,590729.38,861.728,11;13;56 AM
380,946335.59,590302.38,863.802,11;14;01 AM
381,945995.27,589976.52,886.055,11;14;06 AM
382,945611.93,589701.09,897.346,11;14;11 AM
383,945241.03,589412.04,917.425,11;14;16 AM
384,944875.5,589105.31,936.712,11;14;21 AM
385,944512.65,588789.24,947.831,11;14;26 AM
386,944150.68,588467.97,950.503,11;14;31 AM
387,943780.72,588132.81,938.283,11;14;36 AM
388,943419.8,587777.39,928.876,11;14;41 AM
389,943081.91,587394.01,929.78,11;14;46 AM
390,942748.72,586990.12,932.296,11;14;51 AM
391,942412.04,586575.86,945.561,11;14;56 AM
392,942059.25,586158.47,949.212,11;15;01 AM
393,941690.96,585758.21,959.487,11;15;06 AM
394,941339.04,585349.32,962.302,11;15;11 AM
395,941006.45,584943.21,958.547,11;15;16 AM
396,940690.19,584548.19,948.299,11;15;21 AM
397,940368.35,584183.51,946.641,11;15;26 AM
398,940048.67,583842.56,943.642,11;15;31 AM
399,939745.87,583494.87,940.266,11;15;36 AM
400,939454.1,583147.17,929.017,11;15;41 AM
401,939159.67,582797.97,931.243,11;15;46 AM
402,938862.58,582450.91,930.307,11;15;51 AM
403,938573.71,582100.78,929.88,11;15;56 AM
404,938288.64,581749.71,917.679,11;16;01 AM
405,938003.69,581404.74,915.076,11;16;06 AM
406,937715.47,581061.06,900.651,11;16;11 AM
407,937429.63,580715.49,897.827,11;16;16 AM
408,937152.58,580364.87,906.499,11;16;21 AM
409,936886.22,580020.12,917.288,11;16;26 AM
410,936626.88,579677.67,920.923,11;16;31 AM
411,936379.97,579320.17,916.271,11;16;36 AM
412,936126.11,578970.12,921.743,11;16;40 AM
413,935850.38,578642.19,939.183,11;16;45 AM
414,935581.11,578313.55,960.233,11;16;50 AM
415,935325.27,577987.02,961.009,11;16;55 AM
416,935068.59,577660.77,949.176,11;17;00 AM
417,934798.58,577344.52,931.417,11;17;05 AM
418,934544.34,577029.61,907.894,11;17;10 AM
419,934306.61,576719.55,904.595,11;17;15 AM
420,934060.2,576412.27,904.771,11;17;20 AM
421,933812.54,576110.65,909.703,11;17;25 AM
422,933555.22,575821.3,921.649,11;17;30 AM
423,933295.88,575536.02,946.146,11;17;35 AM
424,933042.64,575246.21,962.885,11;17;40 AM
425,932766.1,574948.03,961.856,11;17;45 AM
426,932448.66,574655.57,973.237,11;17;50 AM
427,932081.89,574391.94,993.447,11;17;55 AM
428,931669.43,574162.52,989.331,11;18;00 AM
429,931223.04,573972.39,998.278,11;18;05 AM
430,930760.11,573796.01,1014.516,11;18;10 AM
431,930337.57,573558.46,1033.777,11;18;15 AM
432,930126.23,573193.04,1056.746,11;18;20 AM
433,930192.07,572806.85,1048.92,11;18;25 AM
434,930483.91,572538.74,1054.605,11;18;30 AM
435,930875.32,572424.14,1043.992,11;18;35 AM
436,931303.3,572455.44,1019.269,11;18;40 AM
437,931727.66,572594.47,1010.737,11;18;45 AM
438,932098.11,572821.96,1006.36,11;18;50 AM
439,932400.11,573116.07,989.331,11;18;55 AM
440,932607.65,573478.52,969.009,11;19;00 AM
441,932770.58,573897.98,947.566,11;19;05 AM
442,932928.59,574329.92,932.575,11;19;10 AM
443,933136.94,574733.21,934.841,11;19;15 AM
444,933412.18,575067.37,956.025,11;19;20 AM
445,933690.69,575379.58,962.499,11;19;25 AM
446,933961.57,575709.39,960.947,11;19;30 AM
447,934236.29,576053.73,940.709,11;19;35 AM
448,934552.04,576410.26,906.302,11;19;40 AM
449,934882.9,576800.09,885.906,11;19;45 AM
450,935200.39,577207.29,886.569,11;19;50 AM
451,935568.85,577586.24,907.22,11;19;55 AM
452,936043.64,577810.65,949.563,11;20;00 AM
453,936569.99,577858.83,975.586,11;20;05 AM
454,937089.3,577717.57,983.462,11;20;10 AM
455,937533.13,577393.73,975.952,11;20;15 AM
456,937817.47,576945.71,949.267,11;20;20 AM
457,937912.97,576419.75,919.531,11;20;25 AM
458,937822.99,575889.97,907.567,11;20;30 AM
459,937570.53,575416.52,895.261,11;20;35 AM
460,937162.07,575110.14,874.309,11;20;40 AM
461,936716.23,575075.74,865.48,11;20;45 AM
462,936351.34,575249.68,875.707,11;20;50 AM
463,935998.72,575449.82,884.693,11;20;55 AM
464,935629.04,575622.54,893.393,11;21;00 AM
465,935249.44,575790.82,886.994,11;21;05 AM
466,934853.6,575935.87,841.477,11;21;10 AM
467,934433.53,576049.57,804.816,11;21;15 AM
468,934016.13,576181.91,812.609,11;21;20 AM
469,933610.5,576334.47,860.569,11;21;25 AM
470,933217.33,576466.31,924.155,11;21;30 AM
471,932823.34,576568.61,994.218,11;21;35 AM
472,932418.52,576690.91,1067.988,11;21;40 AM
473,931999.96,576880.32,1133.25,11;21;45 AM
474,931632.63,577192.64,1166.223,11;21;50 AM
475,931401.43,577644.6,1183.887,11;21;55 AM
476,931391.78,578186.55,1192.486,11;22;00 AM
477,931640.35,578706.74,1203.025,11;22;05 AM
478,932083.5,579091.03,1225.034,11;22;10 AM
479,932645.72,579314.47,1198.493,11;22;15 AM
480,933269.97,579362.57,1153.952,11;22;20 AM
481,933897.81,579258.81,1130.162,11;22;25 AM
482,934512.71,579068.44,1113.834,11;22;30 AM
483,935107.07,578835.3,1088.288,11;22;35 AM
484,935719.34,578658.26,1071.083,11;22;40 AM
485,936338.2,578558.33,1040.89,11;22;45 AM
486,936933.29,578460.55,1021.229,11;22;50 AM
487,937449.44,578270.39,996.259,11;22;55 AM
488,937807.43,577953.7,957.243,11;23;00 AM
489,937940.78,577541.5,916.046,11;23;05 AM
490,937778.34,577174.31,890.745,11;23;10 AM
491,937414.62,576996.34,887.537,11;23;15 AM
492,937012.04,576990.27,860.264,11;23;20 AM
493,936620.05,577014.62,836.294,11;23;25 AM
494,936234.46,577046.91,839.303,11;23;30 AM
495,935853.23,577063.34,860.428,11;23;35 AM
496,935472.84,577066.14,883.242,11;23;40 AM
497,935101.42,577014.97,901.105,11;23;45 AM
498,934737.16,576903.62,917.433,11;23;50 AM
499,934351.9,576783.24,910.039,11;23;55 AM
500,933936.03,576720.04,909.884,11;24;00 AM
501,933506.13,576691.06,915.178,11;24;05 AM
502,933074.15,576675.02,920.013,11;24;10 AM
503,932666.41,576626.6,914.308,11;24;15 AM
504,932258.33,576562.3,936.87,11;24;20 AM
505,931838.78,576501.69,992.335,11;24;25 AM
506,931411.36,576440.51,1031.832,11;24;30 AM
507,930978.9,576399.06,1041.629,11;24;35 AM
508,930542.11,576397.59,1042.029,11;24;40 AM
509,930103.66,576379.59,1034.549,11;24;45 AM
510,929677.28,576330.9,1023.687,11;24;50 AM
511,929251.28,576270.18,1025.594,11;24;55 AM
512,928815.15,576214.99,1026.476,11;25;00 AM
513,928363.19,576171.41,1050.443,11;25;05 AM
514,927901.26,576143.79,1073.219,11;25;10 AM
515,927447.04,576109.52,1081.75,11;25;15 AM
516,927017.95,576070.78,1100.112,11;25;20 AM
517,926616.21,576033.29,1108.139,11;25;25 AM
518,926231.84,575991.11,1128.712,11;25;30 AM
519,925840.99,575942.88,1151.269,11;25;35 AM
520,925427.49,575907.43,1167.513,11;25;40 AM
521,924997.01,575881.3,1185.831,11;25;45 AM
522,924563.73,575852.03,1194.613,11;25;50 AM
523,924124.19,575804.62,1205.876,11;25;55 AM
524,923683.89,575757.79,1206.746,11;26;00 AM
525,923243.17,575719.54,1180.691,11;26;05 AM
526,922821.11,575679.58,1155.757,11;26;10 AM
527,922406.93,575617.75,1122.984,11;26;15 AM
528,921992.05,575542.37,1117.962,11;26;20 AM
529,921590.57,575434.75,1148.351,11;26;25 AM
530,921197.75,575309.69,1162.21,11;26;30 AM
531,920796.08,575199.0,1147.477,11;26;35 AM
532,920383.27,575118.45,1135.464,11;26;40 AM
533,919979.95,575041.43,1130.103,11;26;45 AM
534,919571.84,574950.89,1134.611,11;26;50 AM
535,919154.24,574862.61,1128.266,11;26;55 AM
536,918732.86,574785.72,1130.34,11;27;00 AM
537,918297.17,574718.46,1142.944,11;27;05 AM
538,917829.88,574705.62,1161.387,11;27;10 AM
539,917340.73,574806.39,1170.454,11;27;15 AM
540,916835.59,574993.2,1186.246,11;27;20 AM
541,916333.11,575224.78,1182.559,11;27;25 AM
542,915840.21,575438.54,1182.161,11;27;30 AM
543,915359.74,575530.55,1198.234,11;27;35 AM
544,914905.02,575469.35,1224.524,11;27;40 AM
545,914602.13,575223.01,1230.507,11;27;45 AM
546,914595.74,574871.28,1209.676,11;27;50 AM
547,914778.18,574540.08,1170.586,11;27;55 AM
548,915038.36,574246.27,1154.444,11;28;00 AM
549,915351.9,574043.95,1160.27,11;28;05 AM
550,915691.9,573947.88,1157.752,11;28;10 AM
551,916036.92,573916.17,1123.652,11;28;15 AM
552,916431.92,573916.72,1120.423,11;28;20 AM
553,916836.69,573923.02,1169.207,11;28;25 AM
554,917235.63,573965.29,1210.906,11;28;30 AM
555,917655.77,574042.85,1243.584,11;28;35 AM
556,918092.11,574138.42,1271.705,11;28;40 AM
557,918533.5,574264.1,1296.254,11;28;45 AM
558,918984.21,574387.4,1306.201,11;28;50 AM
559,919453.51,574508.85,1309.226,11;28;55 AM
560,919933.38,574638.06,1325.104,11;29;00 AM
561,920410.15,574768.05,1314.027,11;29;05 AM
562,920882.43,574878.44,1293.546,11;29;10 AM
563,921344.4,574961.0,1266.824,11;29;15 AM
564,921782.18,575046.38,1221.891,11;29;20 AM
565,922202.83,575140.83,1185.62,11;29;25 AM
566,922635.81,575248.24,1144.31,11;29;30 AM
567,923094.65,575337.52,1128.154,11;29;35 AM
568,923539.85,575384.89,1134.607,11;29;40 AM
569,923968.73,575425.14,1157.406,11;29;45 AM
570,924405.8,575462.37,1142.249,11;29;50 AM
571,924852.45,575507.13,1140.452,11;29;55 AM
572,925288.46,575554.38,1145.524,11;30;00 AM
573,925722.06,575604.06,1137.037,11;30;05 AM
574,926170.16,575619.36,1125.183,11;30;10 AM
575,926615.12,575643.73,1135.363,11;30;15 AM
576,927055.31,575696.34,1160.353,11;30;20 AM
577,927502.59,575746.95,1176.289,11;30;25 AM
578,927959.51,575771.74,1186.073,11;30;30 AM
579,928421.61,575794.26,1157.209,11;30;35 AM
580,928880.65,575839.32,1115.245,11;30;40 AM
581,929324.61,575893.92,1074.644,11;30;45 AM
582,929764.45,575955.02,1059.589,11;30;50 AM
583,930208.55,576008.55,1050.043,11;30;55 AM
584,930652.81,576054.3,1010.217,11;31;00 AM
585,931100.29,576103.99,972.177,11;31;05 AM
586,931551.01,576152.65,971.191,11;31;10 AM
587,932002.14,576192.25,983.475,11;31;15 AM
588,932461.33,576219.26,1000.412,11;31;20 AM
589,932921.3,576263.49,1050.116,11;31;25 AM
590,933379.93,576319.18,1084.254,11;31;30 AM
591,933872.74,576385.56,1069.487,11;31;35 AM
592,934389.46,576462.04,1055.418,11;31;40 AM
593,934924.49,576536.58,1038.625,11;31;45 AM
594,935466.75,576614.78,1023.325,11;31;50 AM
595,935994.36,576765.32,1029.909,11;31;55 AM
596,936492.53,576991.98,1012.263,11;32;00 AM
597,936998.06,577217.41,981.625,11;32;05 AM
598,937519.69,577359.88,979.889,11;32;10 AM
599,937987.4,577299.61,983.861,11;32;15 AM
600,938331.32,577029.28,969.75,11;32;20 AM
601,938545.27,576637.92,924.273,11;32;25 AM
602,938614.81,576214.52,909.954,11;32;30 AM
603,938563.64,575800.4,895.983,11;32;35 AM
604,938390.26,575432.28,883.298,11;32;40 AM
605,938110.51,575156.03,865.81,11;32;45 AM
606,937763.52,574974.08,859.288,11;32;50 AM
607,937396.9,574838.37,869.632,11;32;55 AM
608,937015.34,574794.29,901.337,11;33;00 AM
609,936639.17,574837.97,932.629,11;33;05 AM
610,936274.93,574936.03,955.187,11;33;10 AM
611,935903.7,575067.52,968.217,11;33;15 AM
612,935517.1,575226.5,971.769,11;33;20 AM
613,935109.51,575404.77,973.204,11;33;25 AM
614,934704.46,575587.38,954.15,11;33;30 AM
615,934311.56,575738.17,933.664,11;33;35 AM
616,933913.32,575848.95,933.185,11;33;40 AM
617,933516.68,575949.16,959.371,11;33;44 AM
618,933144.58,576077.38,969.477,11;33;49 AM
619,932779.41,576217.55,981.514,11;33;54 AM
620,932400.12,576364.49,1013.125,11;33;59 AM
621,932005.33,576520.5,1058.303,11;34;04 AM
622,931590.21,576688.43,1088.033,11;34;09 AM
623,931149.83,576856.06,1100.136,11;34;14 AM
624,930686.82,577015.41,1110.081,11;34;19 AM
625,930204.15,577168.7,1138.643,11;34;24 AM
626,929701.58,577325.61,1165.003,11;34;29 AM
627,929182.15,577483.84,1148.879,11;34;34 AM
628,928643.87,577627.07,1115.374,11;34;39 AM
629,928082.15,577773.33,1097.27,11;34;44 AM
630,927496.0,577908.19,1091.997,11;34;49 AM
631,926894.38,578034.33,1109.039,11;34;54 AM
632,926301.23,578168.06,1108.78,11;34;59 AM
633,925726.12,578299.54,1125.81,11;35;04 AM
634,925171.93,578431.8,1140.971,11;35;09 AM
635,924667.66,578594.88,1137.223,11;35;14 AM
636,924213.91,578727.56,1122.235,11;35;19 AM
637,923824.6,578723.08,1097.853,11;35;24 AM
638,923477.47,578587.94,1080.946,11;35;29 AM
639,923197.68,578353.12,1078.28,11;35;34 AM
640,922954.2,578056.42,1078.937,11;35;39 AM
641,922712.25,577733.74,1073.793,11;35;44 AM
642,922473.34,577399.04,1079.968,11;35;49 AM
643,922215.96,577080.55,1097.452,11;35;54 AM
644,921959.36,576785.16,1122.789,11;35;59 AM
645,921701.01,576503.6,1129.412,11;36;04 AM
646,921412.0,576252.11,1135.166,11;36;09 AM
647,921096.93,576031.44,1120.667,11;36;14 AM
648,920774.5,575828.78,1118.171,11;36;19 AM
649,920439.66,575627.29,1119.976,11;36;24 AM
650,920102.01,575423.79,1138.328,11;36;29 AM
651,919772.62,575228.95,1141.08,11;36;34 AM
652,919466.11,575013.15,1144.317,11;36;39 AM
653,919163.1,574804.8,1147.648,11;36;44 AM
654,918869.2,574583.23,1152.441,11;36;49 AM
655,918582.91,574361.65,1179.9,11;36;54 AM
656,918280.82,574137.28,1198.651,11;36;59 AM
657,917959.86,573926.06,1183.654,11;37;04 AM
658,917619.79,573783.73,1192.383,11;37;09 AM
659,917264.3,573734.22,1199.385,11;37;14 AM
660,916890.85,573719.87,1224.653,11;37;19 AM
661,916510.48,573756.47,1246.027,11;37;24 AM
662,916170.18,573915.64,1255.735,11;37;29 AM
663,915877.66,574147.95,1251.286,11;37;34 AM
664,915602.45,574402.42,1231.025,11;37;39 AM
665,915293.39,574626.79,1193.187,11;37;44 AM
666,914949.43,574826.81,1177.762,11;37;49 AM
667,914579.86,575037.17,1181.431,11;37;54 AM
668,914202.57,575290.78,1202.078,11;37;59 AM
669,913844.99,575601.12,1240.887,11;38;04 AM
670,913510.79,575983.85,1248.123,11;38;09 AM
671,913139.95,576364.45,1239.387,11;38;14 AM
672,912720.01,576673.73,1245.202,11;38;19 AM
673,912259.89,576806.3,1270.8,11;38;24 AM
674,911836.65,576716.9,1282.394,11;38;29 AM
675,911539.33,576446.09,1281.191,11;38;34 AM
676,911400.98,576090.16,1242.387,11;38;39 AM
677,911515.56,575755.26,1228.674,11;38;44 AM
678,911793.24,575564.86,1217.219,11;38;49 AM
679,912156.59,575492.19,1200.987,11;38;54 AM
680,912542.52,575437.73,1203.863,11;38;59 AM
681,912918.12,575348.31,1218.873,11;39;04 AM
682,913274.64,575252.84,1238.843,11;39;09 AM
683,913615.97,575152.56,1248.439,11;39;14 AM
684,913951.57,575024.62,1262.2,11;39;19 AM
685,914248.72,574838.92,1298.406,11;39;24 AM
686,914527.41,574610.25,1330.614,11;39;29 AM
687,914854.26,574405.41,1331.796,11;39;34 AM
688,915215.67,574198.99,1318.706,11;39;39 AM
689,915570.45,573966.36,1296.357,11;39;44 AM
690,915926.2,573728.84,1261.541,11;39;49 AM
691,916308.56,573514.0,1224.852,11;39;54 AM
692,916714.55,573340.33,1206.201,11;39;59 AM
693,917127.13,573242.14,1185.55,11;40;04 AM
694,917526.07,573274.28,1177.802,11;40;09 AM
695,917900.17,573415.88,1187.492,11;40;14 AM
696,918248.03,573615.51,1200.836,11;40;19 AM
697,918594.18,573867.01,1203.533,11;40;24 AM
698,918954.1,574157.75,1241.265,11;40;29 AM
699,919346.68,574455.24,1293.095,11;40;34 AM
700,919757.92,574752.5,1311.103,11;40;39 AM
701,920192.73,575042.4,1303.167,11;40;44 AM
702,920656.0,575315.46,1309.491,11;40;49 AM
703,921128.42,575569.45,1300.504,11;40;54 AM
704,921607.23,575643.93,1298.301,11;40;59 AM
705,921991.11,575466.73,1283.024,11;41;04 AM
706,922205.87,575104.43,1237.671,11;41;09 AM
707,922193.62,574683.56,1222.043,11;41;14 AM
708,921982.53,574329.95,1218.227,11;41;19 AM
709,921649.5,574101.32,1223.55,11;41;24 AM
710,921247.2,574012.49,1223.197,11;41;29 AM
711,920834.59,573990.96,1219.261,11;41;34 AM
712,920427.98,573978.28,1227.158,11;41;39 AM
713,920021.62,573952.71,1254.216,11;41;44 AM
714,919626.64,573901.35,1282.661,11;41;49 AM
715,919250.33,573808.41,1275.158,11;41;54 AM
716,918883.38,573686.81,1261.003,11;41;59 AM
717,918515.82,573625.09,1265.438,11;42;04 AM
718,918167.42,573594.05,1290.736,11;42;09 AM
719,917817.39,573534.01,1288.944,11;42;14 AM
720,917443.62,573446.98,1289.818,11;42;19 AM
721,917050.93,573371.58,1279.546,11;42;24 AM
722,916652.14,573313.75,1279.421,11;42;29 AM
723,916247.69,573266.22,1281.628,11;42;34 AM
724,915848.5,573119.36,1276.245,11;42;39 AM
725,915575.38,572812.64,1296.852,11;42;44 AM
726,915495.42,572422.43,1298.339,11;42;49 AM
727,915600.63,572038.69,1268.413,11;42;54 AM
728,915777.62,571650.45,1239.011,11;42;59 AM
729,916075.18,571292.43,1220.731,11;43;04 AM
730,916467.74,571002.38,1212.055,11;43;09 AM
731,916899.01,570731.96,1209.263,11;43;14 AM
732,917337.37,570446.2,1182.555,11;43;19 AM
733,917701.58,570058.4,1135.421,11;43;24 AM
734,917910.35,569557.42,1101.065,11;43;29 AM
735,917938.17,568999.82,1073.821,11;43;34 AM
736,917797.47,568457.27,1048.319,11;43;39 AM
737,917533.65,567993.61,1013.088,11;43;44 AM
738,917303.74,567536.8,987.876,11;43;49 AM
739,917314.82,567109.32,978.739,11;43;54 AM
740,917573.91,566859.27,946.885,11;43;59 AM
741,917923.84,566830.07,932.823,11;44;04 AM
742,918223.65,567019.35,930.612,11;44;09 AM
743,918356.42,567336.24,936.365,11;44;14 AM
744,918287.48,567664.98,931.898,11;44;19 AM
745,918208.24,568007.09,949.467,11;44;24 AM
746,918209.91,568368.44,988.807,11;44;29 AM
747,918233.83,568759.04,1018.247,11;44;34 AM
748,918304.88,569174.8,1042.623,11;44;39 AM
749,918338.55,569603.8,1086.855,11;44;44 AM
750,918352.78,570047.99,1120.358,11;44;49 AM
751,918378.39,570510.78,1123.971,11;44;54 AM
752,918444.34,570978.96,1131.183,11;44;59 AM
753,918511.73,571445.67,1168.286,11;45;04 AM
754,918546.3,571900.22,1211.729,11;45;09 AM
755,918578.75,572338.71,1263.629,11;45;14 AM
756,918625.69,572765.23,1307.385,11;45;19 AM
757,918639.23,573200.95,1333.815,11;45;24 AM
758,918578.45,573644.03,1354.512,11;45;29 AM
759,918411.88,574057.91,1372.84,11;45;34 AM
760,918298.12,574534.02,1378.718,11;45;39 AM
761,918408.83,575074.95,1364.818,11;45;44 AM
762,918738.63,575592.22,1359.969,11;45;49 AM
763,919271.92,575962.78,1347.913,11;45;54 AM
764,919892.12,576097.78,1320.592,11;45;59 AM
765,920511.81,576027.8,1283.003,11;46;04 AM
766,921063.67,575791.94,1261.167,11;46;09 AM
767,921519.93,575434.81,1235.146,11;46;14 AM
768,921853.77,575000.92,1199.33,11;46;19 AM
769,922055.32,574516.26,1157.997,11;46;24 AM
770,922154.39,574003.36,1126.515,11;46;29 AM
771,922132.06,573499.63,1115.618,11;46;34 AM
772,922009.02,573043.37,1131.053,11;46;39 AM
773,921800.12,572656.27,1146.786,11;46;44 AM
774,921532.55,572349.64,1136.206,11;46;49 AM
775,921209.64,572157.31,1154.272,11;46;54 AM
776,920840.26,572058.35,1178.049,11;46;59 AM
777,920446.3,572017.15,1191.465,11;47;04 AM
778,920062.18,572098.71,1194.173,11;47;09 AM
779,919718.27,572275.21,1185.393,11;47;14 AM
780,919432.24,572534.45,1174.278,11;47;19 AM
781,919199.39,572837.3,1191.033,11;47;24 AM
782,918986.05,573154.38,1219.073,11;47;29 AM
783,918753.68,573468.51,1226.013,11;47;34 AM
784,918482.39,573767.73,1257.176,11;47;39 AM
785,918206.93,574065.18,1278.602,11;47;44 AM
786,917909.34,574355.32,1276.473,11;47;49 AM
787,917536.26,574569.34,1254.498,11;47;54 AM
788,917115.28,574667.39,1262.627,11;47;59 AM
789,916694.12,574763.86,1248.495,11;48;04 AM
790,916285.76,574925.03,1238.709,11;48;09 AM
791,915898.16,575156.72,1206.888,11;48;14 AM
792,915512.84,575410.1,1184.608,11;48;19 AM
793,915111.2,575632.39,1187.954,11;48;24 AM
794,914718.77,575836.07,1179.954,11;48;29 AM
795,914332.05,576013.13,1172.589,11;48;34 AM
796,913944.05,576168.87,1176.056,11;48;39 AM
797,913554.59,576311.89,1179.989,11;48;44 AM
798,913165.92,576461.91,1153.805,11;48;49 AM
799,912758.57,576610.72,1135.014,11;48;54 AM
800,912344.28,576770.44,1145.999,11;48;59 AM
801,911947.45,576930.96,1156.991,11;49;04 AM
802,911570.92,577095.28,1154.545,11;49;09 AM
803,911186.1,577267.57,1150.06,11;49;14 AM
804,910760.73,577413.86,1150.116,11;49;19 AM
805,910306.36,577390.72,1151.224,11;49;24 AM
806,909867.23,577220.81,1132.321,11;49;29 AM
807,909431.15,577047.39,1132.646,11;49;34 AM
808,908988.57,577070.71,1133.767,11;49;39 AM
809,908663.83,577341.45,1151.887,11;49;44 AM
810,908564.89,577756.78,1151.103,11;49;49 AM
811,908683.87,578172.09,1144.348,11;49;54 AM
812,908936.71,578514.45,1148.351,11;49;59 AM
813,909292.92,578709.45,1138.246,11;50;04 AM
814,909701.34,578755.82,1133.279,11;50;09 AM
815,910097.42,578682.1,1133.004,11;50;14 AM
816,910439.88,578500.34,1134.652,11;50;19 AM
817,910746.52,578255.16,1134.172,11;50;24 AM
818,911065.78,578014.08,1146.177,11;50;29 AM
819,911393.7,577804.14,1176.733,11;50;34 AM
820,911713.18,577594.6,1191.187,11;50;39 AM
821,912011.38,577346.06,1180.281,11;50;44 AM
822,912307.07,577087.75,1168.128,11;50;48 AM
823,912657.01,576924.75,1168.802,11;50;53 AM
824,913034.26,576848.14,1155.198,11;50;58 AM
825,913436.18,576750.62,1130.959,11;51;03 AM
826,913843.69,576597.01,1131.236,11;51;08 AM
827,914238.82,576405.26,1155.03,11;51;13 AM
828,914637.04,576216.77,1170.098,11;51;18 AM
829,915026.69,576020.96,1175.945,11;51;23 AM
830,915405.82,575804.38,1176.998,11;51;28 AM
831,915776.65,575574.85,1172.754,11;51;33 AM
832,916149.68,575359.9,1160.264,11;51;38 AM
833,916548.65,575211.49,1151.602,11;51;43 AM
834,916922.32,575068.7,1162.115,11;51;48 AM
835,917271.24,574917.06,1181.689,11;51;53 AM
836,917630.76,574782.82,1203.288,11;51;58 AM
837,918005.7,574621.46,1222.964,11;52;03 AM
838,918335.87,574394.12,1237.863,11;52;08 AM
839,918588.06,574110.78,1252.746,11;52;13 AM
840,918775.82,573803.27,1266.759,11;52;18 AM
841,918903.52,573463.26,1276.571,11;52;23 AM
842,918988.86,573090.03,1279.412,11;52;28 AM
843,918973.81,572702.58,1286.558,11;52;33 AM
844,918902.08,572321.06,1304.238,11;52;38 AM
845,918841.85,571933.59,1326.647,11;52;43 AM
846,918806.48,571535.51,1316.519,11;52;48 AM
847,918765.53,571121.2,1289.184,11;52;53 AM
848,918731.04,570688.71,1260.887,11;52;58 AM
849,918692.32,570233.01,1224.789,11;53;03 AM
850,918650.84,569754.44,1203.323,11;53;08 AM
851,918555.32,569263.25,1180.476,11;53;13 AM
852,918344.2,568809.22,1173.496,11;53;18 AM
853,918006.91,568452.18,1156.105,11;53;23 AM
854,917595.81,568210.29,1138.663,11;53;28 AM
855,917127.27,568072.21,1100.692,11;53;33 AM
856,916618.63,568032.74,1083.002,11;53;38 AM
857,916089.81,568077.9,1083.361,11;53;43 AM
858,915558.92,568192.29,1073.989,11;53;48 AM
859,915053.83,568365.73,1075.493,11;53;53 AM
860,914568.26,568567.28,1075.5,11;53;58 AM
861,914089.8,568800.11,1089.897,11;54;03 AM
862,913624.44,569046.95,1094.253,11;54;08 AM
863,913173.47,569277.12,1099.518,11;54;13 AM
864,912729.58,569474.17,1102.403,11;54;18 AM
865,912272.99,569564.47,1098.061,11;54;23 AM
866,911903.69,569790.24,1114.983,11;54;28 AM
867,911749.19,570141.35,1140.509,11;54;33 AM
868,911854.75,570489.78,1153.478,11;54;38 AM
869,912116.05,570733.51,1162.401,11;54;43 AM
870,912439.68,570934.25,1166.784,11;54;48 AM
871,912797.91,571129.39,1194.163,11;54;53 AM
872,913142.24,571349.1,1227.445,11;54;58 AM
873,913456.4,571613.89,1266.171,11;55;03 AM
874,913755.86,571936.81,1287.779,11;55;08 AM
875,914024.9,572345.17,1299.665,11;55;13 AM
876,914350.44,572743.73,1301.781,11;55;18 AM
877,914714.04,573120.67,1267.215,11;55;23 AM
878,915061.44,573533.79,1242.284,11;55;28 AM
879,915415.3,573921.08,1203.192,11;55;33 AM
880,915775.6,574255.59,1165.933,11;55;38 AM
881,916124.15,574581.2,1157.065,11;55;43 AM
882,916521.99,574856.67,1194.58,11;55;48 AM
883,916987.17,574983.44,1205.857,11;55;53 AM
884,917502.16,575023.48,1188.145,11;55;58 AM
885,918045.83,575065.74,1166.596,11;56;03 AM
886,918573.77,575168.54,1168.553,11;56;08 AM
887,918984.58,575414.19,1178.088,11;56;13 AM
888,919107.9,575771.73,1171.344,11;56;18 AM
889,919006.34,576158.15,1139.367,11;56;23 AM
890,918811.46,576539.05,1138.044,11;56;28 AM
891,918593.44,576899.78,1150.493,11;56;33 AM
892,918347.43,577259.73,1142.748,11;56;38 AM
893,918007.07,577509.76,1123.004,11;56;43 AM
894,917656.36,577471.39,1132.958,11;56;48 AM
895,917431.78,577221.03,1119.815,11;56;53 AM
896,917287.15,576872.13,1115.062,11;56;58 AM
897,917071.45,576545.66,1116.362,11;57;03 AM
898,916837.53,576227.29,1128.897,11;57;08 AM
899,916617.82,575917.92,1171.351,11;57;13 AM
900,916425.66,575601.81,1179.505,11;57;18 AM
901,916185.1,575327.05,1168.794,11;57;23 AM
902,915937.24,575069.09,1153.849,11;57;28 AM
903,915702.64,574813.0,1166.888,11;57;33 AM
904,915453.97,574563.4,1182.435,11;57;38 AM
905,915204.53,574286.06,1196.652,11;57;43 AM
906,914958.8,573997.49,1233.942,11;57;48 AM
907,914713.02,573707.9,1245.488,11;57;53 AM
908,914452.13,573427.82,1236.986,11;57;58 AM
909,914164.68,573153.71,1229.853,11;58;03 AM
910,913857.02,572875.71,1235.206,11;58;08 AM
911,913530.82,572575.01,1227.719,11;58;13 AM
912,913187.81,572248.0,1221.139,11;58;18 AM
913,912830.83,571901.76,1217.845,11;58;23 AM
914,912452.2,571541.45,1215.955,11;58;28 AM
915,912069.62,571148.85,1229.773,11;58;33 AM
916,911736.65,570704.46,1238.212,11;58;38 AM
917,911519.93,570222.87,1250.177,11;58;43 AM
918,911515.77,569734.5,1258.152,11;58;48 AM
919,911738.77,569300.42,1248.505,11;58;53 AM
920,912084.1,568931.41,1219.121,11;58;58 AM
921,912511.24,568712.57,1189.208,11;59;03 AM
922,912935.38,568695.36,1139.28,11;59;08 AM
923,913356.5,568832.36,1066.339,11;59;13 AM
924,913759.53,569022.88,1045.571,11;59;18 AM
925,914039.54,569332.29,1056.036,11;59;23 AM
926,914204.74,569725.32,1038.499,11;59;28 AM
927,914285.29,570157.58,1027.521,11;59;33 AM
928,914288.79,570608.5,1032.197,11;59;38 AM
929,914257.59,571048.95,1046.768,11;59;43 AM
930,914325.22,571452.36,1053.582,11;59;48 AM
931,914396.24,571841.82,1054.376,11;59;53 AM
932,914458.55,572247.14,1067.342,11;59;58 AM
933,914493.24,572665.22,1101.613,12;00;03 PM
934,914502.54,573087.36,1137.87,12;00;08 PM
935,914535.36,573521.57,1178.077,12;00;13 PM
936,914616.42,573951.7,1201.344,12;00;18 PM
937,914702.0,574390.87,1218.604,12;00;23 PM
938,914728.49,574836.67,1236.157,12;00;28 PM
939,914604.55,575247.67,1259.276,12;00;33 PM
940,914352.71,575580.79,1281.481,12;00;38 PM
941,914053.73,575893.91,1260.042,12;00;43 PM
942,913708.54,576168.64,1241.585,12;00;48 PM
943,913340.01,576420.57,1230.706,12;00;53 PM
944,912946.33,576655.31,1194.925,12;00;58 PM
945,912503.71,576861.03,1183.409,12;01;03 PM
946,912020.52,577037.61,1197.979,12;01;08 PM
947,911512.9,577103.23,1219.519,12;01;13 PM
948,911002.16,577065.34,1264.629,12;01;18 PM
949,910501.13,577001.67,1276.86,12;01;23 PM
950,909994.1,576961.14,1244.9,12;01;28 PM
951,909505.39,577043.16,1226.101,12;01;33 PM
952,909133.36,577328.69,1244.861,12;01;38 PM
953,908967.61,577770.37,1219.291,12;01;43 PM
954,908995.18,578249.82,1197.15,12;01;48 PM
955,909219.96,578654.77,1181.106,12;01;53 PM
956,909570.44,578942.8,1167.692,12;01;58 PM
957,909988.65,579033.03,1146.467,12;02;03 PM
958,910402.11,578963.45,1136.777,12;02;08 PM
959,910790.08,578770.23,1129.51,12;02;13 PM
960,911164.18,578557.87,1133.386,12;02;18 PM
961,911517.7,578355.65,1150.284,12;02;23 PM
962,911812.17,578123.52,1161.832,12;02;28 PM
963,912051.96,577864.61,1165.342,12;02;33 PM
964,912320.91,577602.77,1155.755,12;02;38 PM
965,912611.63,577315.12,1146.168,12;02;43 PM
966,912943.36,577051.08,1148.106,12;02;48 PM
967,913315.49,576838.91,1142.207,12;02;53 PM
968,913681.12,576612.95,1131.898,12;02;58 PM
969,914022.11,576337.79,1144.381,12;03;03 PM
970,914338.0,576046.69,1154.979,12;03;08 PM
971,914601.61,575740.81,1160.605,12;03;13 PM
972,914796.68,575399.83,1186.042,12;03;18 PM
973,914970.77,575053.83,1188.831,12;03;23 PM
974,915064.41,574700.13,1196.389,12;03;28 PM
975,915037.85,574352.2,1219.23,12;03;33 PM
976,914963.36,574015.79,1232.25,12;03;38 PM
977,914907.8,573676.23,1235.424,12;03;43 PM
978,914853.85,573330.25,1231.476,12;03;48 PM
979,914802.65,572978.98,1221.848,12;03;53 PM
980,914750.45,572619.21,1204.819,12;03;58 PM
981,914696.78,572232.65,1184.152,12;04;03 PM
982,914626.06,571836.33,1168.549,12;04;08 PM
983,914492.04,571433.52,1172.268,12;04;13 PM
984,914337.71,571010.51,1185.007,12;04;18 PM
985,914323.44,570546.52,1192.114,12;04;23 PM
986,914549.07,570125.72,1197.778,12;04;28 PM
987,914987.25,569895.91,1212.387,12;04;33 PM
988,915494.03,569944.37,1243.026,12;04;38 PM
989,915908.42,570238.21,1272.365,12;04;43 PM
990,916085.36,570704.45,1299.82,12;04;48 PM
991,915945.78,571177.46,1323.429,12;04;53 PM
992,915573.76,571484.32,1344.597,12;04;58 PM
993,915116.99,571546.24,1342.264,12;05;03 PM
994,914718.21,571353.87,1333.712,12;05;08 PM
995,914364.98,571057.58,1322.917,12;05;13 PM
996,913963.77,570848.82,1330.729,12;05;18 PM
997,913525.6,570833.25,1348.121,12;05;23 PM
998,913106.69,571014.33,1366.615,12;05;28 PM
999,912772.82,571363.69,1373.819,12;05;33 PM
1000,912563.4,571839.87,1364.755,12;05;38 PM
1001,912532.38,572388.7,1358.467,12;05;43 PM
1002,912688.13,572926.01,1360.135,12;05;48 PM
1003,913017.65,573393.32,1359.454,12;05;53 PM
1004,913494.68,573715.82,1350.951,12;05;58 PM
1005,914035.03,573843.2,1358.741,12;06;03 PM
1006,914562.99,573730.6,1378.653,12;06;08 PM
1007,914990.07,573422.52,1388.265,12;06;13 PM
1008,915259.46,572997.03,1392.54,12;06;18 PM
1009,915372.12,572505.76,1389.866,12;06;23 PM
1010,915387.91,572000.35,1382.724,12;06;28 PM
1011,915375.79,571484.42,1371.589,12;06;33 PM
1012,915355.0,570961.84,1375.272,12;06;38 PM
1013,915347.8,570430.3,1385.182,12;06;43 PM
1014,915355.56,569886.71,1389.734,12;06;48 PM
1015,915339.68,569339.45,1390.753,12;06;53 PM
1016,915140.08,568832.59,1378.954,12;06;58 PM
1017,914745.11,568451.91,1361.737,12;07;03 PM
1018,914205.13,568223.89,1344.981,12;07;08 PM
1019,913583.4,568155.1,1354.638,12;07;13 PM
1020,912938.88,568208.26,1378.872,12;07;18 PM
1021,912291.96,568339.49,1388.395,12;07;23 PM
1022,911653.4,568534.42,1406.67,12;07;28 PM
1023,911025.16,568763.5,1414.183,12;07;33 PM
1024,910399.76,569004.36,1424.01,12;07;38 PM
1025,909777.33,569225.45,1445.902,12;07;43 PM
1026,909169.95,569427.35,1492.855,12;07;48 PM
1027,908555.91,569610.82,1494.38,12;07;52 PM
1028,907943.83,569799.73,1512.015,12;07;57 PM
1029,907359.86,570006.55,1548.725,12;08;02 PM
1030,906791.43,570226.62,1569.845,12;08;07 PM
1031,906218.28,570435.59,1582.978,12;08;12 PM
1032,905632.65,570648.93,1605.1,12;08;17 PM
1033,905044.86,570882.78,1624.501,12;08;22 PM
1034,904468.06,571142.07,1650.453,12;08;27 PM
1035,903900.33,571407.85,1675.792,12;08;32 PM
1036,903321.39,571682.53,1688.389,12;08;37 PM
1037,902748.27,571964.18,1715.67,12;08;42 PM
1038,902179.27,572265.61,1727.718,12;08;47 PM
1039,901603.3,572598.01,1724.3,12;08;52 PM
1040,901027.42,572952.41,1739.368,12;08;57 PM
1041,900451.46,573329.92,1761.225,12;09;02 PM
1042,899872.41,573735.51,1781.269,12;09;07 PM
1043,899297.6,574185.55,1777.01,12;09;12 PM
1044,898731.23,574664.71,1767.781,12;09;17 PM
1045,898172.98,575155.73,1757.116,12;09;22 PM
1046,897608.21,575647.05,1757.386,12;09;27 PM
1047,897035.61,576135.57,1756.638,12;09;32 PM
1048,896463.98,576623.85,1747.897,12;09;37 PM
1049,895893.08,577119.63,1721.385,12;09;42 PM
1050,895325.11,577611.91,1692.532,12;09;47 PM
1051,894741.61,578091.01,1693.624,12;09;52 PM
1052,894152.75,578555.92,1687.654,12;09;57 PM
1053,893580.88,579025.3,1670.57,12;10;02 PM
1054,893017.81,579483.32,1656.056,12;10;07 PM
1055,892466.92,579932.37,1642.344,12;10;12 PM
1056,891923.68,580370.54,1630.878,12;10;17 PM
1057,891384.38,580795.34,1614.493,12;10;22 PM
1058,890848.08,581207.32,1612.467,12;10;27 PM
1059,890313.75,581605.68,1595.479,12;10;32 PM
1060,889776.03,582004.22,1576.196,12;10;37 PM
1061,889236.64,582394.58,1563.554,12;10;42 PM
1062,888676.82,582757.34,1550.747,12;10;47 PM
1063,888124.04,583120.76,1534.207,12;10;52 PM
1064,887575.59,583487.19,1528.838,12;10;57 PM
1065,887017.57,583852.31,1543.377,12;11;02 PM
1066,886453.67,584207.18,1541.018,12;11;07 PM
1067,885876.72,584555.05,1519.469,12;11;12 PM
1068,885282.4,584895.75,1502.831,12;11;17 PM
