X,Y,TIME,NORTH_VEL,EAST_VEL,DOWN_VEL,ROLL,PITCH,HEADING,ELEVATION
600595.6,969116.52,225748.0094,2.3098,-2.0347,0.8792,-1.6581,0.1588,143.2147,428.545
600658.43,969068.07,225753.0046,5.7174,-3.8898,1.7199,-1.7351,-2.0201,123.9194,450.316
600786.45,968979.49,225757.9997,10.0846,-6.8225,0.6675,-3.0733,-3.6735,121.4339,474.78
600993.46,968852.76,225762.9948,14.4269,-9.188,2.0392,0.0255,-2.1015,121.1061,497.579
601256.61,968684.17,225767.9899,17.1713,-11.5527,1.7752,0.8451,-1.0522,124.545,530.13
601558.66,968495.39,225772.985,19.7434,-11.1625,0.9598,-2.0591,-0.6374,121.7797,546.57
601907.4,968306.18,225777.9801,22.9331,-11.5167,1.4498,-2.4355,-1.455,118.4495,557.803
602311.87,968145.39,225782.9752,26.371,-7.001,0.6788,-8.2306,0.4039,106.6491,569.186
602759.09,968109.96,225787.9703,27.349,3.6125,0.8731,-13.991,0.1423,77.8325,574.408
603166.04,968281.85,225792.9654,21.4015,16.2875,-0.5367,-13.151,1.7142,53.8642,579.003
603441.35,968611.39,225797.9605,11.0841,23.0057,-0.9799,-15.8793,0.6348,17.6669,565.844
603488.67,969016.9,225802.9556,-5.1285,25.1837,-0.9497,-18.9411,-0.9202,345.4805,553.899
603276.74,969385.27,225807.9507,-19.1804,19.3225,-1.4392,-15.6218,-1.4376,313.1792,538.487
602919.03,969653.57,225812.9458,-22.1417,15.9751,-1.2117,2.2461,0.5898,309.112,516.779
602593.37,969949.25,225817.941,-17.0558,20.4587,-0.9448,7.0913,0.0686,323.8823,501.95
602355.28,970307.74,225822.9361,-11.7932,22.7425,-1.2091,4.7777,2.5157,338.1004,483.46
602186.69,970673.52,225827.9312,-9.0447,21.6779,-1.765,0.0183,3.5624,341.5607,449.794
602045.49,971010.12,225832.9263,-8.0696,19.6031,-1.7543,-0.1212,2.8983,340.6311,420.901
601938.54,971321.46,225837.9214,-3.3118,18.6646,-1.1162,9.4055,2.4107,357.6311,396.662
601926.88,971607.27,225842.9165,0.0293,15.3941,-0.4327,-1.4113,7.3648,356.0459,383.962
601918.65,971821.84,225847.9116,-1.0516,10.6321,-0.1751,-3.9752,11.3554,350.4912,377.51
601906.38,971948.75,225852.9067,-0.1165,5.3191,-0.3711,0.6018,6.8612,6.2223,367.267
601909.08,972011.82,225857.9018,-0.3569,2.6667,-0.0925,-1.1776,5.3746,16.4305,364.748
601910.22,972041.52,225862.8969,0.3946,1.0229,-0.0467,-0.5774,5.5705,21.6892,362.221
601912.64,972053.33,225867.892,0.0797,0.5015,-0.3342,-2.1304,5.2046,18.3175,359.76
601912.27,972059.61,225872.8871,-0.0144,0.4029,-0.1801,-1.2589,3.2109,16.5946,356.687
601912.44,972064.08,225877.8822,0.1524,0.1551,-0.2183,-0.5084,1.1413,15.5034,354.743
601912.97,972064.59,225882.8773,0.0025,-0.0035,0.0039,0.4524,-0.752,17.7407,354.138
601912.99,972064.6,225887.8724,-0.045,-0.0086,-0.0092,0.4306,-0.4961,17.7807,354.141
601913.0,972064.61,225892.8675,-0.0082,0.0067,-0.0162,0.4611,-0.6593,17.768,354.142
601913.0,972064.61,225897.8626,-0.0442,0.025,-0.0282,0.4621,-0.559,17.7771,354.138
601913.0,972064.61,225902.8577,0.0237,0.0212,-0.0002,0.4373,-0.7254,17.7905,354.163
601913.0,972064.61,225907.8529,-0.0244,-0.0511,0.0235,0.4647,-0.7143,17.7786,354.168
601913.01,972064.6,225912.848,-0.0029,0.021,-0.0347,0.3996,-0.7022,17.818,354.163
601913.01,972064.6,225917.8431,0.0045,0.0003,0.02,0.4259,-0.7303,17.8065,354.175
601913.01,972064.6,225922.8382,-0.0018,-0.0056,0.0007,0.4885,-0.7819,17.7934,354.181
601913.01,972064.59,225927.8333,-0.0053,0.014,-0.0187,0.4273,-0.7172,17.8046,354.168
601913.01,972064.59,225932.8284,-0.0064,0.0089,-0.0247,0.4422,-0.7385,17.8053,354.17
601913.0,972064.59,225937.8235,0.0041,-0.0043,-0.0155,0.4618,-0.7565,17.8004,354.163
601912.99,972064.59,225942.8186,-0.0118,-0.0094,0.0165,0.4531,-0.7417,17.7952,354.173
601913.01,972064.58,225947.8137,0.0036,-0.0052,-0.0028,0.4226,-0.7688,17.8001,354.156
601913.04,972064.57,225952.8088,-0.0086,-0.0155,0.0249,0.4576,-0.7486,17.794,354.114
601913.02,972064.56,225957.8039,-0.0057,-0.0043,-0.017,0.4102,-0.7391,17.8053,354.119
601913.02,972064.58,225962.7991,-0.0105,0.0007,0.0051,0.4674,-0.7714,17.7954,354.124
601913.03,972064.58,225967.7942,0.0041,-0.0139,0.008,0.4479,-0.7486,17.804,354.075
601913.02,972064.58,225972.7893,-0.0043,-0.0036,0.0118,0.4711,-0.8043,17.7954,354.074
601913.0,972064.58,225977.7844,-0.0036,-0.0111,0.0026,0.4383,-0.7554,17.8036,354.08
601913.02,972064.57,225982.7795,0.0039,0.0014,0.009,0.4612,-0.7979,17.8015,354.028
601913.08,972064.57,225987.7746,0.0007,-0.0043,-0.0053,0.4423,-0.7656,17.8134,353.952
601913.02,972064.57,225992.7697,0.0076,0.0034,-0.0003,0.4527,-0.763,17.7988,353.969
601913.03,972064.55,225997.7648,0.0033,-0.0066,-0.0052,0.4566,-0.7849,17.8069,353.942
601913.04,972064.58,226002.7599,0.0059,-0.007,-0.0043,0.4261,-0.7715,17.8089,353.947
601913.02,972064.58,226007.755,-0.0018,-0.0082,-0.0076,0.4412,-0.7719,17.7986,353.979
601913.03,972064.6,226012.7501,0.0117,0.0052,-0.0147,0.4584,-0.7732,17.805,353.964
601913.03,972064.61,226017.7452,0.0036,0.0014,0.0035,0.4348,-0.7704,17.8035,353.962
601913.04,972064.62,226022.7403,0.0048,0.0027,-0.004,0.4807,-0.7662,17.8118,353.988
601913.03,972064.59,226027.7354,-0.0076,-0.002,-0.0131,0.4457,-0.7476,17.8096,353.965
601913.05,972064.59,226032.7305,0.0042,-0.0063,0.0029,0.4329,-0.7383,17.8064,353.992
601913.02,972064.6,226037.7256,0.0029,0.0045,-0.0062,0.4518,-0.7465,17.8066,354.032
601913.04,972064.6,226042.7208,0.0065,-0.0034,-0.0048,0.4399,-0.75,17.8082,354.011
601913.02,972064.58,226047.7159,-0.0107,0.0029,-0.002,0.4332,-0.7508,17.8066,354.03
601913.0,972064.56,226052.711,0.0021,-0.006,-0.002,0.439,-0.7506,17.8147,354.021
601913.01,972064.56,226057.7061,-0.0013,-0.0033,-0.0022,0.4621,-0.7417,17.8146,353.998
601913.02,972064.54,226062.7012,0.0023,0.0027,-0.0049,0.4025,-0.7279,17.8248,353.963
601913.04,972064.54,226067.6963,0.0045,-0.0002,-0.0074,0.3878,-0.7244,17.8282,353.926
601913.05,972064.55,226072.6914,0.0033,-0.0014,-0.0032,0.382,-0.7212,17.8297,353.897
601913.0,972064.52,226077.6865,0.0019,-0.0012,-0.0011,0.3867,-0.7255,17.8293,353.975
601912.99,972064.52,226082.6816,-0.0005,-0.0005,-0.0006,0.3854,-0.7246,17.8303,353.995
601912.99,972064.54,226087.6767,0.0008,0.002,-0.0,0.3872,-0.7242,17.8313,354.0
601913.0,972064.54,226092.6718,0.0022,0.0003,-0.0005,0.3875,-0.7285,17.8317,354.034
601913.02,972064.54,226097.6669,0.0033,0.0006,-0.0037,0.3869,-0.7264,17.8324,353.993
601913.04,972064.55,226102.662,0.0016,0.0001,-0.0026,0.386,-0.7247,17.8334,353.971
601913.01,972064.55,226107.6572,0.002,-0.0025,-0.002,0.3895,-0.7164,17.8342,353.993
601913.02,972064.53,226112.6523,0.0015,-0.0004,-0.0013,0.384,-0.7249,17.8333,353.987
601913.02,972064.54,226117.6474,0.0002,0.0016,0.0013,0.3865,-0.7264,17.8358,354.033
601913.0,972064.56,226122.6425,-0.0012,0.0006,0.0008,0.3866,-0.726,17.8368,354.084
601913.0,972064.57,226127.6376,0.0005,0.0009,-0.0013,0.3879,-0.727,17.8364,354.066
601913.0,972064.57,226132.6327,0.0007,-0.0,-0.0015,0.3867,-0.7265,17.8374,354.046
601913.02,972064.58,226137.6278,0.0015,0.0014,0.0009,0.3882,-0.7286,17.8364,354.051
601913.01,972064.61,226142.6229,0.0008,0.0001,-0.0008,0.3874,-0.7274,17.8386,354.109
601913.02,972064.6,226147.618,0.0024,-0.0002,-0.0132,0.3881,-0.7281,17.8391,353.979
601913.05,972064.61,226152.6131,0.0012,0.001,-0.0072,0.3872,-0.728,17.8408,353.811
601913.05,972064.59,226157.6082,0.0002,-0.0009,0.0016,0.387,-0.7286,17.8418,353.788
601913.01,972064.6,226162.6034,-0.0001,-0.0006,0.0033,0.3873,-0.7284,17.8419,353.918
601913.01,972064.61,226167.5985,0.0014,0.0003,-0.0041,0.3871,-0.7288,17.8416,353.913
601913.01,972064.63,226172.5936,-0.0005,0.0004,-0.0014,0.3856,-0.7249,17.8437,353.873
601913.03,972064.64,226177.5887,0.0012,0.0011,0.0021,0.3866,-0.7283,17.8431,353.865
601913.02,972064.65,226182.5838,0.0013,0.0001,0.0027,0.3864,-0.7295,17.8437,353.948
601913.04,972064.65,226187.5789,0.0018,-0.0003,-0.0025,0.3873,-0.7289,17.8438,353.896
601913.04,972064.62,226192.574,-0.0019,-0.0021,0.0066,0.3876,-0.729,17.8451,353.942
601913.0,972064.6,226197.5691,0.0007,-0.0008,0.0079,0.3854,-0.7303,17.8451,354.087
601913.01,972064.61,226202.5642,0.0015,0.0012,0.0069,0.3861,-0.7291,17.8463,354.253
601913.02,972064.61,226207.5593,-0.0003,0.0007,0.0064,0.3853,-0.7306,17.8473,354.305
601913.0,972064.62,226212.5544,0.0002,-0.0002,-0.0007,0.3873,-0.7297,17.8472,354.371
601913.02,972064.58,226217.5495,0.0008,-0.0038,-0.0097,0.3879,-0.7315,17.8477,354.247
601913.02,972064.55,226222.5446,0.0033,-0.0005,-0.0133,0.3863,-0.7307,17.8488,354.063
601913.04,972064.55,226227.5397,0.0007,0.0002,-0.0056,0.3834,-0.7316,17.8506,353.905
601913.01,972064.59,226232.5348,-0.0011,0.0013,0.0039,0.384,-0.7305,17.8504,353.947
601913.01,972064.62,226237.5299,0.003,0.0017,-0.0035,0.3837,-0.7302,17.8508,353.958
601913.05,972064.66,226242.525,0.0017,0.0029,-0.0062,0.3837,-0.7316,17.8518,353.867
601913.02,972064.67,226247.5201,-0.0005,-0.0003,-0.0022,0.3848,-0.7314,17.8532,353.853
601913.02,972064.66,226252.5152,-0.0011,-0.0023,0.0067,0.3853,-0.7319,17.8526,353.895
601912.96,972064.62,226257.5103,-0.0013,-0.0036,0.0113,0.3871,-0.7323,17.8528,354.134
601912.97,972064.6,226262.5054,0.0023,-0.0015,-0.0009,0.3841,-0.7323,17.8531,354.228
601912.98,972064.62,226267.5005,0.0014,-0.0003,-0.0094,0.384,-0.7324,17.8544,354.163
601912.98,972064.64,226272.4956,0.0009,0.0005,-0.0021,0.3838,-0.7324,17.8547,354.081
601913.01,972064.66,226277.4908,0.0018,0.001,-0.0005,0.3848,-0.7315,17.8541,354.076
601913.05,972064.69,226282.4859,0.0056,0.0018,-0.0062,0.3856,-0.7316,17.8534,354.07
601913.03,972064.69,226287.481,0.0018,-0.0019,-0.0033,0.3837,-0.7318,17.8536,354.053
601912.97,972064.62,226292.476,-0.0012,-0.0031,-0.0004,0.3839,-0.7329,17.8555,354.077
601912.98,972064.6,226297.4712,0.0025,-0.0009,-0.0002,0.3807,-0.7325,17.8553,354.047
601913.0,972064.61,226302.4662,0.0026,0.0013,0.0016,0.3805,-0.7325,17.8551,354.115
601913.0,972064.61,226307.4613,-0.0007,-0.0018,0.0021,0.3819,-0.7321,17.8558,354.129
601912.99,972064.61,226312.4565,0.002,0.0018,-0.0041,0.3836,-0.7326,17.8572,354.124
601913.0,972064.63,226317.4516,0.0018,0.0003,-0.0013,0.384,-0.7317,17.8577,354.076
601913.0,972064.63,226322.4467,-0.0012,0.0003,0.0027,0.3818,-0.7326,17.8575,354.124
601912.98,972064.62,226327.4418,-0.0007,-0.0008,0.0002,0.384,-0.7329,17.857,354.164
601912.98,972064.6,226332.4369,0.0005,-0.0008,0.0014,0.3838,-0.7317,17.8583,354.162
601912.99,972064.58,226337.432,-0.0008,-0.0001,-0.0011,0.3837,-0.7337,17.8584,354.173
601912.96,972064.6,226342.4271,-0.0004,-0.0001,-0.0028,0.3827,-0.7326,17.86,354.162
601912.96,972064.6,226347.4222,-0.0003,0.001,-0.0051,0.3849,-0.7339,17.8594,354.078
601912.97,972064.61,226352.4173,0.0008,0.0018,0.0025,0.367,-0.7377,17.8614,354.044
601912.95,972064.62,226357.4124,-0.0016,-0.0,0.004,0.3778,-0.7354,17.8614,354.125
601912.94,972064.62,226362.4075,0.0008,-0.0005,-0.003,0.3693,-0.7347,17.8623,354.143
601912.97,972064.61,226367.4026,0.0002,-0.0006,-0.0028,0.37,-0.7355,17.8622,354.074
601912.95,972064.6,226372.3977,0.001,0.0023,-0.0022,0.3682,-0.7328,17.8639,354.086
601912.99,972064.61,226377.3928,0.0028,0.0017,-0.0036,0.3649,-0.7318,17.8637,354.049
601913.0,972064.63,226382.3879,0.0009,0.0025,0.0016,0.3709,-0.7326,17.8634,354.07
601912.99,972064.65,226387.383,-0.0011,0.0003,0.0025,0.369,-0.7341,17.8629,354.11
601912.99,972064.64,226392.3781,-0.0003,-0.003,-0.0055,0.3679,-0.735,17.8635,354.066
601912.97,972064.63,226397.3732,-0.0013,-0.0013,-0.0055,0.3689,-0.7344,17.8643,353.943
601912.96,972064.63,226402.3683,0.0001,0.0005,0.0005,0.3684,-0.7328,17.8651,353.908
601912.95,972064.64,226407.3634,0.0002,0.0018,0.0055,0.3679,-0.7331,17.8661,353.973
601912.97,972064.69,226412.3585,0.0026,0.0035,0.0047,0.3674,-0.7346,17.8656,354.06
601913.0,972064.73,226417.3536,0.0037,-0.0002,0.0009,0.3671,-0.7338,17.8671,354.127
601913.02,972064.7,226422.3487,0.0007,-0.002,-0.0004,0.3636,-0.734,17.8693,354.162
601913.02,972064.65,226427.3438,0.0005,-0.0033,-0.0047,0.3651,-0.7329,17.8683,354.116
601913.0,972064.64,226432.3389,-0.0024,0.0026,-0.0065,0.3878,-0.7352,17.8676,354.032
601912.98,972064.66,226437.334,-0.0063,-0.0033,-0.0013,0.3648,-0.7373,17.8715,353.958
601912.98,972064.63,226442.3291,-0.0005,-0.001,0.0017,0.3781,-0.7332,17.8677,353.951
601912.96,972064.64,226447.3242,0.0008,-0.0003,0.0047,0.38,-0.7325,17.8676,354.062
601912.95,972064.65,226452.3193,0.0009,0.0004,0.0059,0.3767,-0.7318,17.8686,354.197
601912.97,972064.68,226457.3144,-0.0006,0.002,0.0058,0.3788,-0.7316,17.8689,354.301
601912.97,972064.69,226462.3096,-0.0,0.0007,-0.0001,0.3781,-0.7329,17.8699,354.344
601912.96,972064.66,226467.3046,-0.0017,-0.0019,-0.0006,0.3743,-0.7291,17.8697,354.337
601912.95,972064.63,226472.2997,0.0003,-0.0012,-0.0031,0.3761,-0.732,17.8707,354.316
601912.96,972064.61,226477.2949,0.0008,0.0007,-0.003,0.3771,-0.7312,17.8712,354.271
601912.99,972064.62,226482.29,0.0019,-0.0002,-0.0016,0.3764,-0.7298,17.87,354.238
601912.97,972064.64,226487.2851,-0.001,0.0012,0.0018,0.3767,-0.7282,17.8712,354.276
601912.97,972064.62,226492.2802,0.0002,0.0005,-0.001,0.3779,-0.7286,17.87,354.287
601912.97,972064.62,226497.2753,0.0009,-0.0002,-0.0048,0.3697,-0.7252,17.8699,354.246
601912.96,972064.62,226502.2704,0.0007,0.0006,-0.0041,0.3781,-0.7255,17.8695,354.18
601912.99,972064.62,226507.2654,0.0011,0.0017,-0.002,0.3782,-0.7263,17.8697,354.138
601913.01,972064.64,226512.2605,0.0011,0.0012,-0.0017,0.3796,-0.7234,17.8692,354.119
601913.03,972064.65,226517.2556,0.0007,0.0006,0.0013,0.381,-0.7225,17.8686,354.119
601913.02,972064.63,226522.2508,-0.0035,-0.0031,-0.0016,0.379,-0.7153,17.8633,354.113
601912.99,972064.61,226527.2459,0.0009,-0.0015,-0.0066,0.3764,-0.7119,17.8614,354.064
601913.02,972064.64,226532.241,0.0026,0.0033,-0.0084,0.3759,-0.705,17.8577,353.929
601913.09,972064.71,226537.2361,0.002,0.0045,0.0001,0.3865,-0.7042,17.8568,353.847
601913.05,972064.74,226542.2312,-0.0019,0.0,0.0078,0.3867,-0.7052,17.8558,353.986
601913.04,972064.72,226547.2263,0.0027,-0.001,0.0053,0.3855,-0.7037,17.8567,354.1
601913.06,972064.74,226552.2213,0.0018,0.0018,-0.0024,0.3825,-0.7024,17.8578,354.112
601913.06,972064.78,226557.2165,-0.0012,0.0024,0.002,0.3893,-0.7014,17.8586,354.141
601913.05,972064.78,226562.2116,-0.0013,0.0026,0.0009,0.3838,-0.7021,17.8602,354.17
601913.04,972064.78,226567.2067,-0.0006,-0.0,0.0002,0.3773,-0.7008,17.8626,354.191
601913.05,972064.75,226572.2018,0.0006,-0.003,0.0007,0.375,-0.7005,17.8625,354.194
601913.02,972064.73,226577.1969,-0.0019,-0.0018,-0.0003,0.3733,-0.703,17.8633,354.207
601913.02,972064.7,226582.192,0.0018,-0.0023,-0.0072,0.3719,-0.703,17.8633,354.138
601913.03,972064.66,226587.1871,-0.0013,-0.004,-0.0101,0.3716,-0.7028,17.8643,353.978
601912.99,972064.62,226592.1822,-0.0012,-0.0005,-0.0046,0.3683,-0.7024,17.8648,353.869
601913.02,972064.62,226597.1772,0.0008,0.0013,0.0059,0.3563,-0.7027,17.8653,353.885
601913.0,972064.62,226602.1724,-0.0003,-0.0016,0.0055,0.3607,-0.703,17.8662,354.059
601913.01,972064.6,226607.1674,-0.0016,-0.0009,0.0036,0.3611,-0.7037,17.8655,354.111
601913.0,972064.62,226612.1626,0.0029,0.003,-0.005,0.361,-0.7023,17.8666,354.112
601913.05,972064.7,226617.1576,0.0035,0.0045,-0.0097,0.3608,-0.705,17.8662,353.972
601913.08,972064.75,226622.1527,0.0001,0.0018,-0.0047,0.3595,-0.7044,17.867,353.856
601913.08,972064.75,226627.1478,0.0006,-0.0012,-0.0025,0.3605,-0.704,17.8652,353.803
601913.06,972064.74,226632.1429,0.0002,0.0007,-0.0006,0.3606,-0.7049,17.8656,353.81
601913.07,972064.73,226637.138,0.0001,-0.0029,-0.001,0.3692,-0.7028,17.8654,353.805
601913.03,972064.65,226642.1331,-0.0015,-0.003,0.0014,0.3635,-0.7051,17.8667,353.844
601913.0,972064.62,226647.1282,-0.0004,0.0006,0.0043,0.3668,-0.7033,17.8656,353.903
601912.99,972064.63,226652.1233,-0.0003,-0.0004,0.0074,0.366,-0.7048,17.8649,354.022
601912.98,972064.63,226657.1184,-0.0003,0.0014,0.0001,0.3646,-0.7032,17.8659,354.077
601912.99,972064.62,226662.1135,0.0012,-0.0012,-0.0011,0.3667,-0.7045,17.8657,354.059
601912.99,972064.59,226667.1086,-0.0002,-0.0025,0.0007,0.3677,-0.7055,17.8658,354.064
601912.97,972064.58,226672.1037,-0.0003,0.0014,0.0008,0.3644,-0.7048,17.8654,354.1
601912.98,972064.6,226677.0988,0.0005,0.0002,0.0002,0.3687,-0.7036,17.8652,354.102
601912.97,972064.59,226682.0939,0.0004,0.0007,0.001,0.3756,-0.7058,17.8655,354.114
601912.98,972064.62,226687.089,0.0021,0.0027,-0.0009,0.3759,-0.7045,17.8651,354.117
601912.98,972064.62,226692.0841,-0.0009,-0.0021,0.0026,0.3759,-0.7054,17.8654,354.122
601912.97,972064.6,226697.0792,0.0007,-0.0,-0.0019,0.3769,-0.7044,17.865,354.136
601912.98,972064.59,226702.0743,0.0015,0.0006,-0.0027,0.3767,-0.7049,17.8664,354.103
601912.99,972064.61,226707.0694,-0.0001,0.0013,-0.0034,0.3771,-0.7049,17.8657,354.058
601913.0,972064.63,226712.0645,0.0022,0.0001,-0.0016,0.3773,-0.7047,17.8665,354.028
601913.02,972064.62,226717.0596,0.0,-0.0007,0.0006,0.3665,-0.7054,17.8662,354.023
601913.01,972064.61,226722.0547,-0.0004,0.0001,0.0068,0.3677,-0.7046,17.866,354.092
601913.01,972064.63,226727.0498,-0.0017,0.0005,0.0093,0.3669,-0.7064,17.8655,354.249
601913.0,972064.63,226732.0449,-0.0008,-0.0004,0.0024,0.3631,-0.706,17.8657,354.321
601912.99,972064.63,226737.04,-0.0001,0.0011,0.0012,0.3648,-0.7072,17.8656,354.353
601912.99,972064.63,226742.0351,0.001,-0.0013,0.0013,0.366,-0.7062,17.8656,354.367
601912.99,972064.63,226747.0302,0.0005,0.0003,-0.0033,0.3737,-0.7058,17.865,354.396
601913.01,972064.63,226752.0253,0.0036,-0.0003,-0.01,0.3816,-0.7045,17.8635,354.257
601913.1,972064.65,226757.0204,0.0083,0.0011,-0.0155,0.3823,-0.7072,17.8643,354.063
601913.17,972064.72,226762.0155,0.0028,-0.003,-0.0122,0.3822,-0.7078,17.864,353.91
601913.06,972064.64,226767.0106,-0.0017,-0.003,-0.004,0.384,-0.7089,17.8656,353.863
601913.06,972064.59,226772.0057,0.0045,-0.0059,-0.0037,0.4081,-0.697,17.86,353.827
601913.02,972064.57,226777.0008,-0.0018,-0.0027,0.0019,0.4038,-0.7092,17.8571,353.905
601913.05,972064.55,226781.9959,0.0006,0.0001,0.0016,0.406,-0.7104,17.8567,353.922
601913.05,972064.56,226786.991,0.0101,0.0148,-0.0106,0.4751,-0.7546,17.8605,353.949
601913.07,972064.55,226791.9861,-0.0024,0.0009,-0.0125,0.4259,-0.7505,17.9187,353.832
601913.09,972064.55,226796.9812,0.0019,0.0008,-0.0063,0.4343,-0.7457,17.9237,353.695
601913.07,972064.57,226801.9763,-0.0011,-0.0049,-0.0038,0.4436,-0.7458,17.9217,353.681
601913.06,972064.56,226806.9714,-0.0025,-0.004,-0.0003,0.4371,-0.7533,17.9215,353.669
601913.06,972064.57,226811.9665,0.0024,0.0068,0.0027,0.4261,-0.7453,17.9224,353.679
601913.08,972064.59,226816.9616,0.0012,0.0015,0.0036,0.4364,-0.7512,17.9212,353.723
601913.08,972064.59,226821.9567,-0.0007,0.0017,0.0007,0.4354,-0.7477,17.9216,353.756
601913.07,972064.58,226826.9518,-0.0005,0.0029,-0.0023,0.4319,-0.7489,17.9205,353.746
601913.07,972064.58,226831.9469,0.0032,-0.0,-0.0026,0.436,-0.7469,17.921,353.732
601913.09,972064.57,226836.942,0.0025,0.0031,-0.0014,0.4327,-0.7479,17.9204,353.726
601913.14,972064.57,226841.9371,0.0024,-0.0021,0.002,0.4391,-0.7428,17.9208,353.749
601913.12,972064.58,226846.9322,-0.0002,0.0009,0.002,0.4372,-0.7489,17.9195,353.813
601913.13,972064.59,226851.9273,0.0,0.0006,0.0007,0.437,-0.7486,17.9206,353.819
601913.11,972064.59,226856.9224,-0.0026,0.0,-0.0002,0.4393,-0.7488,17.9206,353.841
601913.08,972064.6,226861.9175,-0.0,0.0017,-0.0022,0.4375,-0.7482,17.9195,353.824
601913.1,972064.63,226866.9126,0.0012,0.0011,-0.001,0.4353,-0.7486,17.9197,353.791
601913.11,972064.64,226871.9077,-0.0,0.0002,0.0032,0.4376,-0.7482,17.919,353.82
601913.08,972064.6,226876.9028,-0.0029,-0.003,0.0075,0.438,-0.7485,17.9201,353.92
601913.07,972064.57,226881.8979,0.0016,-0.0033,0.0069,0.4405,-0.7517,17.9192,353.967
601913.09,972064.58,226886.893,-0.0006,0.0002,-0.0002,0.4429,-0.7449,17.9185,353.967
601913.09,972064.59,226891.8881,-0.0002,-0.0005,0.0012,0.4365,-0.7492,17.9185,353.978
601913.06,972064.59,226896.8832,-0.0027,-0.0,0.0025,0.436,-0.7478,17.9193,354.008
601913.04,972064.59,226901.8783,0.0007,0.0007,0.0035,0.4391,-0.7462,17.9192,354.065
601913.06,972064.6,226906.8734,0.0021,-0.0014,0.0022,0.4398,-0.7492,17.9172,354.114
601913.1,972064.58,226911.8685,0.0028,0.0007,-0.0025,0.4399,-0.7493,17.9187,354.107
601913.12,972064.58,226916.8636,0.0018,-0.0005,-0.0049,0.4359,-0.7482,17.9197,354.038
601913.14,972064.57,226921.8587,0.0029,-0.0012,-0.007,0.4356,-0.7498,17.9209,353.983
601913.12,972064.56,226926.8538,0.0021,-0.0014,-0.0031,0.434,-0.7522,17.9207,353.976
601913.12,972064.56,226931.8489,0.0003,0.0018,-0.0029,0.4447,-0.7524,17.9215,354.005
601913.08,972064.57,226936.844,0.0016,0.0025,-0.0055,0.4455,-0.7465,17.9227,354.039
601913.11,972064.58,226941.8391,0.0008,0.0058,-0.0038,0.4346,-0.7459,17.9361,354.006
601913.12,972064.6,226946.8342,-0.005,-0.0355,0.0497,0.4385,-0.7889,17.9227,354.016
601913.14,972064.61,226951.8293,0.0075,-0.0063,0.0119,0.4297,-0.7519,17.9304,353.996
601913.11,972064.61,226956.8244,0.0006,0.0061,-0.0089,0.441,-0.7647,17.9268,354.028
601913.07,972064.63,226961.8196,0.0027,0.0039,0.0037,0.4317,-0.8029,17.9241,354.088
601913.08,972064.61,226966.8147,0.0028,0.002,-0.0076,0.4446,-0.7651,17.9239,354.077
601913.08,972064.61,226971.8098,0.0039,0.0135,-0.0282,0.4421,-0.7432,17.9239,354.104
601913.07,972064.63,226976.8048,0.0047,0.0076,-0.0362,0.4327,-0.7165,17.9254,354.127
601913.06,972064.62,226981.7999,0.0049,0.0012,-0.0012,0.4467,-0.759,17.9201,354.099
601913.06,972064.61,226986.7951,-0.0105,-0.0002,-0.0044,0.4369,-0.7487,17.9183,354.068
601913.06,972064.59,226991.7902,-0.0055,-0.0007,0.0135,0.4382,-0.7492,17.9146,354.065
601913.07,972064.59,226996.7853,-0.0126,0.0044,-0.0138,0.4347,-0.7857,17.9292,354.049
601913.13,972064.58,227001.7804,0.0041,-0.0033,-0.0151,0.4337,-0.7406,17.9233,353.988
601913.13,972064.57,227006.7754,0.0125,0.0045,-0.0198,0.4254,-0.7612,17.9303,354.003
601913.13,972064.56,227011.7705,-0.0007,0.0047,-0.0295,0.4303,-0.7531,17.9342,354.025
601913.1,972064.58,227016.7657,0.0016,-0.003,0.0015,0.4332,-0.7758,17.927,354.077
601913.15,972064.61,227021.7608,0.0006,0.0005,-0.0166,0.402,-0.7734,17.9361,354.033
601913.15,972064.6,227026.7559,-0.0066,0.0115,-0.0129,0.4481,-0.737,17.9142,354.043
601913.15,972064.59,227031.751,-0.0209,0.0112,-0.0174,0.3751,-0.83,17.9389,354.013
601913.12,972064.59,227036.7461,-0.0253,0.0129,-0.0067,0.428,-0.79,17.9248,354.02
601913.14,972064.59,227041.7412,0.0213,0.003,-0.0238,0.4821,-0.7129,17.9079,353.944
601913.14,972064.59,227046.7363,0.0006,-0.0028,-0.0188,0.3958,-0.7698,17.9396,353.926
601913.14,972064.58,227051.7314,0.0069,0.018,-0.0192,0.4849,-0.7172,17.9068,353.895
601913.16,972064.61,227056.7265,0.0159,-0.0182,-0.0081,0.3871,-0.7301,17.9375,353.903
601913.15,972064.62,227061.7216,-0.0023,0.0065,0.0065,0.4876,-0.7567,17.9034,353.917
601913.14,972064.6,227066.7167,0.0189,-0.0209,0.0104,0.425,-0.7161,17.9241,353.922
601913.15,972064.61,227071.7118,-0.0139,0.0161,-0.0161,0.4144,-0.7939,17.9305,353.933
601913.15,972064.62,227076.7069,0.0147,-0.0039,-0.0212,0.4509,-0.7345,17.9152,353.944
601913.14,972064.61,227081.702,0.0218,-0.0142,-0.0121,0.4042,-0.751,17.9322,353.936
601913.12,972064.56,227086.6971,-0.0154,0.011,-0.019,0.4444,-0.7858,17.9185,353.902
601913.09,972064.56,227091.6922,-0.004,0.0191,-0.0263,0.4131,-0.8684,17.9258,353.937
601913.11,972064.58,227096.6873,-0.002,-0.0221,0.0204,0.4481,-0.6691,17.9267,353.892
601913.11,972064.58,227101.6824,0.0028,0.0063,-0.0154,0.4793,-0.7286,17.9241,353.902
601913.12,972064.56,227106.6775,0.0179,0.0154,-0.0137,0.4171,-0.8348,17.9287,353.918
601913.12,972064.56,227111.6726,0.0032,-0.0134,0.0089,0.5053,-0.6953,17.9154,353.944
601913.13,972064.6,227116.6677,-0.0059,-0.0039,0.0004,0.495,-0.6604,17.9171,353.986
601913.14,972064.61,227121.6628,0.0199,0.0274,-0.0598,0.3948,-0.7161,17.9265,354.012
601913.11,972064.6,227126.6579,0.0114,-0.0012,-0.0183,0.4169,-0.7047,17.9251,353.976
601913.06,972064.62,227131.653,-0.0124,0.0025,0.0151,0.4568,-0.739,17.926,353.999
601913.06,972064.61,227136.6481,0.0141,0.0056,-0.0135,0.4038,-0.762,17.929,354.006
601913.03,972064.6,227141.6432,-0.0032,0.0056,-0.0206,0.4186,-0.8264,17.9314,354.001
601913.04,972064.59,227146.6383,0.0244,0.0082,-0.0086,0.436,-0.7926,17.9206,353.978
601913.09,972064.56,227151.6334,0.0029,0.0023,-0.0076,0.4155,-0.7854,17.9298,353.979
601913.1,972064.56,227156.6285,0.0059,0.004,-0.0156,0.4703,-0.7548,17.918,353.989
601913.14,972064.57,227161.6236,0.0025,-0.0142,0.006,0.4416,-0.7693,17.9157,354.011
601913.13,972064.57,227166.6187,0.006,-0.0178,0.0382,0.4675,-0.7721,17.9181,354.018
601913.12,972064.61,227171.6138,-0.0053,0.0017,-0.0115,0.4447,-0.7434,17.9071,353.986
601913.14,972064.61,227176.6089,0.0178,-0.0208,0.043,0.4,-0.6189,17.9159,354.006
601913.54,972065.87,227181.604,0.112,0.6092,0.3319,-3.1156,0.0624,17.27,354.811
601918.0,972083.67,227186.5991,0.312,1.366,-0.0251,-1.612,2.011,18.9882,356.834
601926.34,972107.72,227191.5942,0.4626,1.6172,0.0949,-2.1855,3.1572,19.0106,357.057
601931.84,972132.95,227196.5893,0.3284,1.7049,-0.062,-1.9624,2.8313,25.0256,357.868
601938.44,972158.21,227201.5844,0.5321,1.2875,0.0684,-1.8451,3.5593,32.5762,358.632
601945.7,972174.27,227206.5795,0.2216,0.486,-0.0637,-0.551,3.9773,53.9341,358.544
601946.1,972179.47,227211.5746,-0.0576,0.0728,-0.1767,-1.201,3.8449,55.7633,359.952
601946.75,972180.51,227216.5697,0.2849,0.158,0.103,-1.4835,3.0709,57.0231,360.682
601949.61,972183.11,227221.5648,0.1318,0.1339,0.1845,-1.1926,2.6172,57.0239,361.169
601952.52,972187.22,227226.5599,0.141,0.388,-0.0996,-1.4228,3.2043,61.2446,360.581
601954.78,972192.6,227231.555,-0.0305,0.2329,-0.0563,-0.9866,4.1603,68.3657,359.781
601952.27,972194.89,227236.5501,0.0071,0.3316,0.1078,-1.3567,1.6016,65.7764,359.838
601956.61,972199.18,227241.5452,0.2136,0.3228,0.156,-1.0929,2.6674,70.8453,360.521
601954.16,972202.05,227246.5403,-0.0227,-0.0969,0.0461,-2.2501,0.4352,67.8517,361.017
601959.56,972206.46,227251.5354,0.6473,0.3727,0.069,-1.8001,1.6479,68.242,361.191
601986.31,972220.33,227256.5305,2.9589,1.9194,0.2944,-4.7279,0.3072,78.8197,364.134
602065.77,972262.21,227261.5256,7.2458,2.4025,-0.2465,-0.2477,-1.0883,74.3425,360.862
602224.28,972284.0,227266.5207,11.9256,-1.3988,0.5381,6.5973,-1.3736,96.6409,363.413
602440.88,972206.87,227271.5158,15.2676,-7.1961,1.3633,0.0166,-5.9238,115.0196,379.105
602740.57,972069.2,227276.5109,21.1272,-9.9114,1.6826,0.5611,-4.8698,110.7305,404.72
603099.5,971853.39,227281.506,20.7604,-18.277,1.4741,12.9937,-3.0292,130.3371,430.446
603382.68,971480.94,227286.5011,12.6996,-26.9233,2.2114,9.3251,-1.1626,154.27,455.613
603548.41,971007.17,227291.4962,7.7909,-30.8423,2.5158,4.1725,-2.7987,166.9271,500.819
603647.91,970482.72,227296.4913,4.0352,-32.8408,1.7773,4.3695,-0.7597,175.7324,535.299
603685.62,969933.34,227301.4864,1.0552,-34.365,1.3869,1.4319,-2.4708,179.1674,562.958
603698.4,969351.95,227306.4815,0.272,-36.2987,2.1281,2.0075,-0.9792,180.5015,588.633
603695.22,968756.8,227311.4766,-1.2854,-36.232,3.1203,3.2373,0.3789,182.2681,636.824
603638.9,968171.78,227316.4717,-6.1539,-34.7668,3.4635,5.2482,2.0382,189.8687,683.416
603503.75,967622.95,227321.4668,-10.7818,-32.4452,3.2927,6.2551,0.3994,196.5539,742.29
603288.89,967100.24,227326.4619,-15.1781,-31.317,2.2962,2.3313,-0.3271,203.4491,789.692
603033.02,966596.46,227331.457,-16.1328,-29.7047,3.5291,2.0292,1.7609,208.8003,836.982
602760.33,966118.03,227336.4521,-16.7961,-29.0935,2.8575,-0.9552,-0.041,210.4793,889.044
602490.11,965639.94,227341.4473,-16.5035,-29.1928,2.786,-0.9597,-0.2962,208.1779,934.642
602224.05,965159.65,227346.4424,-16.3248,-29.409,2.1396,-1.1565,-0.9551,207.8086,979.586
601957.35,964676.61,227351.4375,-16.4827,-29.5392,0.7114,-1.1296,-1.0921,207.7494,1000.748
601688.96,964186.78,227356.4326,-17.0028,-30.2201,1.2549,0.3684,-2.5329,209.1889,1026.271
601411.1,963680.49,227361.4277,-16.645,-31.3897,1.5263,-1.9478,-0.4294,207.959,1053.351
601151.58,963156.31,227366.4228,-15.5365,-32.5492,0.5152,-1.168,-1.1082,207.6449,1074.01
600894.52,962624.1,227371.4179,-16.8031,-32.0089,1.0191,3.1918,-1.0128,208.2739,1092.42
600605.0,962102.58,227376.413,-18.3626,-31.6075,1.3029,0.7013,-0.5881,211.5729,1113.269
600299.76,961583.07,227381.4081,-18.9252,-31.6731,0.1492,-0.2691,-0.6299,210.7884,1123.719
599989.53,961063.41,227386.4032,-19.2713,-31.312,-0.2492,0.8384,0.0289,210.9895,1119.062
599679.68,960548.57,227391.3983,-18.6283,-31.6424,-0.4744,-1.8895,-0.843,210.5823,1114.9
599387.54,960025.38,227396.3934,-17.2693,-32.003,0.0173,-1.7469,-0.0381,208.6049,1113.031
599119.11,959494.21,227401.3885,-15.8177,-32.7809,-0.399,-2.3614,-0.1805,207.3566,1113.761
598875.47,958954.53,227406.3836,-14.3749,-32.8095,0.0675,0.2142,0.6809,204.8188,1112.407
598630.35,958424.61,227411.3787,-16.2351,-31.638,0.2724,3.0944,0.0125,207.714,1111.325
598356.66,957916.24,227416.3738,-17.2599,-30.5953,-0.6653,0.8906,-0.7228,207.6255,1109.933
598076.69,957410.24,227421.369,-17.2155,-30.9868,-1.9384,0.1248,-0.7611,208.4768,1089.095
597775.12,956908.21,227426.364,-20.2162,-29.942,-1.2912,2.9669,-0.6483,211.298,1059.154
597448.36,956419.66,227431.3592,-19.9646,-29.5707,-1.3726,0.7734,0.0086,213.0948,1045.052
597123.52,955936.76,227436.3543,-20.0439,-29.3828,-1.2502,0.5497,-1.1132,215.3763,1025.811
596792.92,955454.97,227441.3494,-20.2673,-29.2225,-0.7194,-0.0303,-0.1171,215.7674,1001.43
596460.97,954973.11,227446.3445,-20.4728,-29.3602,-0.7459,0.6887,-0.2724,216.1533,989.395
596129.38,954497.06,227451.3396,-20.4895,-28.3694,-0.23,1.4277,0.0666,216.3039,980.572
595792.69,954036.91,227456.3347,-20.7972,-27.6825,-1.6161,0.5009,-0.1145,220.0901,967.312
595456.56,953584.82,227461.3298,-20.2542,-27.4266,-0.9086,-0.9406,-0.1942,220.8418,946.4
595136.77,953130.34,227466.3249,-18.3105,-28.1422,-0.857,-3.6812,0.7351,218.325,928.037
594843.09,952670.32,227471.3201,-17.6542,-27.828,0.2655,-1.6268,-0.6426,217.963,924.384
594548.37,952213.72,227476.3152,-18.5514,-27.9089,0.2062,-2.1035,-0.4147,219.4358,923.313
594248.31,951754.6,227481.3103,-18.2834,-27.8018,0.7582,-1.894,-0.1791,218.1113,938.292
593949.05,951297.56,227486.3054,-18.7037,-27.9921,0.407,-2.3761,-1.4012,220.7676,952.493
593647.23,950834.62,227491.3005,-18.4946,-28.3661,-0.806,-2.2631,-0.3311,216.7384,959.041
593350.33,950368.84,227496.2956,-18.1834,-28.3754,-1.4252,-1.6608,-0.6281,220.3029,949.816
593050.42,949905.95,227501.2907,-18.3969,-27.8775,-1.5256,-1.0305,0.0109,217.6628,920.126
592749.56,949450.54,227506.2858,-18.5977,-27.174,-0.8262,-0.2534,-0.624,216.8485,900.701
592447.84,949005.73,227511.281,-18.2952,-27.0677,-0.396,-0.9833,-0.4002,217.575,885.335
592149.9,948566.59,227516.2761,-18.413,-26.1985,1.0161,0.445,0.5104,217.8611,889.219
591846.89,948144.7,227521.2712,-18.523,-25.0935,1.1281,-0.6149,1.0684,219.8296,907.722
591553.19,947739.23,227526.2663,-17.5569,-24.1026,1.6131,-0.2942,2.2124,219.7979,931.941
591269.52,947357.65,227531.2614,-17.3577,-22.7337,1.7526,-0.3227,0.2487,221.8655,963.79
590985.8,946989.5,227536.2565,-17.6602,-22.2904,0.6633,-0.7053,-1.057,222.7005,989.762
590687.31,946615.94,227541.2516,-18.6636,-23.2142,-0.8397,-1.0085,-0.6037,220.5387,983.234
590385.46,946227.64,227546.2468,-18.6212,-23.971,-0.9156,-0.0261,-0.8612,219.0135,967.826
590082.82,945830.81,227551.2419,-18.9644,-23.6466,-0.7716,6.4202,0.8252,219.4975,951.651
589726.7,945498.85,227556.237,-24.6705,-15.7318,0.0298,13.6137,1.3196,238.5962,944.332
589281.04,945346.31,227561.2321,-28.86,-1.889,-0.6065,18.2137,-0.4376,267.8021,940.269
588837.32,945455.14,227566.2272,-23.2101,14.8772,1.2871,20.1521,1.7167,301.1818,947.752
588571.05,945802.36,227571.2223,-8.1741,26.1008,1.2747,22.2195,-1.2598,340.6629,976.724
588594.54,946243.61,227576.2174,12.1049,24.874,-0.8975,23.5967,0.1521,26.3182,971.432
588913.44,946535.55,227581.2126,24.7448,9.2816,-0.4386,21.3352,-1.0284,75.5896,962.337
589327.06,946521.1,227586.2077,23.3195,-11.1982,-0.4813,21.915,-3.9124,123.097,952.648
589615.92,946217.83,227591.2028,11.0525,-23.5859,-0.1916,11.792,-2.2369,161.1963,947.565
589759.74,945802.83,227596.1979,7.7489,-26.6958,0.1796,0.0547,-1.4115,168.133,951.885
589942.16,945388.96,227601.193,16.1778,-21.938,1.364,-16.6143,2.7827,147.4025,965.881
590292.86,945119.41,227606.1881,25.8087,-10.5285,-1.0989,-19.0896,0.6226,118.5372,970.391
590754.69,945068.69,227611.1833,29.1926,4.0869,-1.7805,-17.544,0.6829,88.3117,938.981
591190.87,945267.55,227616.1784,22.5396,19.1544,-0.705,-18.3947,1.5534,53.6809,920.602
591452.62,945662.25,227621.1735,8.5376,27.4381,-0.2569,-19.6385,2.1504,18.8623,912.429
591444.46,946104.35,227626.1686,-9.2826,24.7178,-0.8993,-22.5127,0.7622,338.7293,907.468
591167.26,946423.29,227631.1637,-23.3591,13.2775,-2.0726,-21.7709,-2.5937,299.8454,882.287
590729.38,946510.01,227636.1589,-27.8896,-2.974,-0.4114,-19.5559,0.7132,269.7568,861.728
590302.38,946335.59,227641.154,-23.2754,-17.0587,0.8369,-14.4394,-1.0395,235.8019,863.802
589976.52,945995.27,227646.1491,-17.3441,-22.698,1.393,-5.6635,0.4283,220.9953,886.055
589701.09,945611.93,227651.1442,-17.1667,-23.3113,0.6956,0.6967,-0.0564,220.0043,897.346
589412.04,945241.03,227656.1393,-18.1671,-21.9523,1.3729,0.1141,-0.0726,223.7321,917.425
589105.31,944875.5,227661.1345,-19.3781,-22.1793,1.3877,-0.2407,0.2917,226.2178,936.712
588789.24,944512.65,227666.1296,-19.2625,-22.1123,-0.1167,-0.9279,-0.2864,229.9568,947.831
588467.97,944150.68,227671.1247,-20.0896,-22.0762,0.5787,-1.9079,-0.7809,228.8228,950.503
588132.81,943780.72,227676.1198,-21.0201,-22.2898,-0.9192,0.5059,-0.7228,229.1226,938.283
587777.39,943419.8,227681.115,-22.5576,-21.1441,0.1032,1.7289,-0.3143,228.8153,928.876
587394.01,943081.91,227686.1101,-24.3771,-20.4048,-0.2585,0.0147,-1.1602,231.6557,929.78
586990.12,942748.72,227691.1052,-25.1628,-20.1679,0.12,-0.5777,-1.5165,233.2474,932.296
586575.86,942412.04,227696.1003,-25.5263,-20.8389,0.8137,-1.4445,-1.5741,236.5187,945.561
586158.47,942059.25,227701.0954,-24.7892,-22.2234,0.4792,-3.7939,0.6646,231.0532,949.212
585758.21,941690.96,227706.0906,-24.8117,-22.103,0.3828,0.63,-0.7498,231.9227,959.487
585349.32,941339.04,227711.0857,-25.1759,-20.675,-0.1219,-0.5661,0.3651,232.15,962.302
584943.21,941006.45,227716.0808,-24.6351,-19.6126,-0.862,0.3273,0.8612,232.6222,958.547
584548.19,940690.19,227721.0759,-23.405,-19.2836,0.1398,-3.1181,1.0996,233.1148,948.299
584183.51,940368.35,227726.071,-21.1938,-19.7297,0.026,-2.2377,1.467,229.7312,946.641
583842.56,940048.67,227731.0662,-21.1234,-18.8173,-0.163,1.1011,-0.5495,229.9419,943.642
583494.87,939745.87,227736.0613,-21.212,-17.9386,-0.9722,0.2056,0.154,233.7111,940.266
583147.17,939454.1,227741.0564,-21.2904,-17.7175,-0.2514,-0.4695,-0.7212,232.3099,929.017
582797.97,939159.67,227746.0515,-21.4474,-18.0032,0.0597,-1.1305,0.2452,233.5083,931.243
582450.91,938862.58,227751.0467,-21.2709,-17.8619,0.2512,0.1252,0.3413,233.1227,930.307
582100.78,938573.71,227756.0418,-21.5923,-17.2936,-0.6946,-0.9494,0.617,233.8702,929.88
581749.71,938288.64,227761.0369,-21.2697,-17.3708,-0.4359,-0.713,0.8008,234.9218,917.679
581404.74,938003.69,227766.032,-21.0331,-17.4718,-0.22,-1.9427,0.1513,235.2172,915.076
581061.06,937715.47,227771.0272,-21.128,-17.6241,-0.9317,-0.9678,0.348,233.8256,900.651
580715.49,937429.63,227776.0223,-21.3436,-17.0012,0.5179,-0.124,0.1111,235.937,897.827
580364.87,937152.58,227781.0174,-21.3473,-16.7414,0.5488,-0.0619,1.2047,234.3389,906.499
580020.12,936886.22,227786.0125,-20.8783,-15.8751,0.4664,-0.5432,0.997,234.5871,917.288
579677.67,936626.88,227791.0076,-21.3112,-15.4936,-0.2052,1.0295,-0.6153,235.0802,920.923
579320.17,936379.97,227796.0028,-22.1617,-14.5459,0.2683,-1.4205,-0.2388,235.1705,916.271
578970.12,936126.11,227800.9979,-20.4857,-16.4911,0.8468,-3.6692,0.622,235.4171,921.743
578642.19,935850.38,227805.993,-20.0274,-16.5166,1.4959,-0.2906,0.0792,235.3168,939.183
578313.55,935581.11,227810.9881,-20.0163,-16.0221,0.7539,0.0113,1.8381,234.4352,960.233
577987.02,935325.27,227815.9833,-20.0064,-15.2966,-0.8368,0.5911,0.0178,235.666,961.009
577660.77,935068.59,227820.9784,-19.7332,-16.1419,-0.4676,-1.7694,0.5313,233.7689,949.176
577344.52,934798.58,227825.9735,-19.109,-16.3502,-1.7622,0.5369,0.4749,235.7416,931.417
577029.61,934544.34,227830.9686,-19.1818,-14.7187,-0.9884,-0.6406,0.9256,240.6774,907.894
576719.55,934306.61,227835.9637,-18.8904,-14.5001,0.4536,-2.252,-0.4299,237.3107,904.595
576412.27,934060.2,227840.9589,-18.7533,-15.1449,0.3828,0.0486,1.015,236.2915,904.771
576110.65,933812.54,227845.954,-17.9176,-15.3109,0.1205,-1.8369,0.5842,237.8503,909.703
575821.3,933555.22,227850.9491,-17.5398,-15.8791,0.9836,-1.9045,0.4818,235.5225,921.649
575536.02,933295.88,227855.9442,-17.5618,-15.5509,2.0126,-0.8391,0.3687,239.1496,946.146
575246.21,933042.64,227860.9393,-18.0933,-15.6246,0.2391,-2.699,-1.5224,234.6952,962.885
574948.03,932766.1,227865.9345,-18.1672,-18.1241,-0.2022,-3.295,-1.1449,231.8259,961.856
574655.57,932448.66,227870.9296,-17.2172,-20.6806,1.5537,-5.9328,0.0143,226.2212,973.237
574391.94,932081.89,227875.9247,-15.0795,-23.9155,0.2583,-6.1986,-0.9905,218.8033,993.447
574162.52,931669.43,227880.9198,-12.9066,-26.1407,0.4127,-5.9798,-0.9883,214.7777,989.331
573972.39,931223.04,227885.9149,-10.7484,-27.9352,0.8105,-3.5994,-0.8721,209.1096,998.278
573796.01,930760.11,227890.9101,-11.7504,-28.0793,1.0444,2.1109,-0.7913,208.9058,1014.516
573558.46,930337.57,227895.9052,-18.6532,-21.3874,1.0891,16.0594,0.4337,231.1733,1033.777
573193.04,930126.23,227900.9003,-24.6964,-3.8085,0.4549,15.8953,-4.422,274.5963,1056.746
572806.85,930192.07,227905.8954,-20.9247,12.2169,0.1016,15.9568,-5.0264,308.5559,1048.92
572538.74,930483.91,227910.8906,-11.5758,21.979,0.236,6.7238,-4.4558,344.2116,1054.605
572424.14,930875.32,227915.8857,-1.9142,25.2196,-1.2367,7.3675,-3.9426,5.9167,1043.992
572455.44,931303.3,227920.8808,5.4496,26.7222,-1.0649,3.7732,-2.6511,20.2568,1019.269
572594.47,931727.66,227925.8759,11.4236,24.3969,-0.3695,5.0019,0.2628,32.9082,1010.737
572821.96,932098.11,227930.871,16.3446,20.6695,-0.3727,4.9263,-0.633,48.5655,1006.36
573116.07,932400.11,227935.8662,19.9573,15.1798,-1.2347,8.2606,0.0967,62.0981,989.331
573478.52,932607.65,227940.8613,24.3909,10.5916,-1.5621,4.0417,-3.2727,68.2988,969.009
573897.98,932770.58,227945.8564,26.1767,9.5126,-0.8092,0.0776,-0.9817,77.4495,947.566
574329.92,932928.59,227950.8515,26.2053,10.1572,-0.6599,-4.2518,0.3981,75.8503,932.575
574733.21,933136.94,227955.8467,22.527,15.2182,1.3443,-8.1511,1.8398,59.3407,934.841
575067.37,933412.18,227960.8418,18.9669,17.3529,0.9086,-2.4892,1.7611,50.6974,956.025
575379.58,933690.69,227965.8369,19.5816,16.5427,0.4178,-0.4231,-0.4038,54.6713,962.499
575709.39,933961.57,227970.832,20.6575,16.2021,-1.0951,0.236,-0.515,55.5397,960.947
576053.73,934236.29,227975.8272,21.2519,17.848,-1.5905,-3.8565,-2.1847,52.1803,940.709
576410.26,934552.04,227980.8223,22.8048,20.2661,-2.2426,-0.5828,-2.4644,54.2899,906.302
576800.09,934882.9,227985.8174,24.7361,19.5589,-0.3603,0.5172,-0.068,57.4043,885.906
577207.29,935200.39,227990.8125,24.8228,19.7278,0.2108,-3.4985,-1.7661,52.1542,886.569
577586.24,935568.85,227995.8076,19.3232,26.1354,2.5672,-15.2092,0.9135,36.1644,907.22
577810.65,936043.64,228000.8028,8.298,31.0645,2.0665,-14.9707,1.1951,16.2521,949.563
577858.83,936569.99,228005.7979,-2.457,32.7429,0.9534,-15.8851,-1.0188,356.9578,975.586
577717.57,937089.3,228010.793,-14.3108,30.2031,-0.3148,-15.3321,-2.5611,333.0906,983.462
577393.73,937533.13,228015.7881,-24.0842,22.9338,-0.9416,-15.5076,0.6772,311.5195,975.952
576945.71,937817.47,228020.7832,-30.0581,11.7752,-1.7664,-16.0577,-1.0489,291.9605,949.267
576419.75,937912.97,228025.7784,-33.2007,0.0768,-1.4421,-13.8408,-0.6279,271.2898,919.531
575889.97,937822.99,228030.7735,-30.9231,-10.767,-0.565,-13.3154,-1.3508,252.6334,907.567
575416.52,937570.53,228035.7686,-25.7754,-20.3041,-1.1927,-18.4632,1.0791,231.7576,895.261
575110.14,937162.07,228040.7637,-11.2194,-27.7811,-1.4219,-17.3747,5.341,208.4309,874.309
575075.74,936716.23,228045.7589,6.1228,-24.8722,-0.2132,-15.3982,4.9729,170.8685,865.48
575249.68,936351.34,228050.754,12.702,-21.0805,0.4751,-3.4615,-0.715,162.8146,875.707
575449.82,935998.72,228055.7491,10.7748,-22.0546,1.0605,2.0835,0.2693,167.3028,884.693
575622.54,935629.04,228060.7442,10.3235,-23.135,0.1821,-0.6933,-0.7426,166.2964,893.393
575790.82,935249.44,228065.7394,9.5673,-23.3777,-1.4915,0.9701,-0.5929,171.87,886.994
575935.87,934853.6,228070.7345,7.8768,-25.2345,-2.8404,0.8476,-2.0335,175.4089,841.477
576049.57,934433.53,228075.7296,6.9029,-25.8081,-1.4154,-2.7732,0.8673,175.491,804.816
576181.91,934016.13,228080.7247,8.9937,-25.2116,1.9052,-3.211,1.1477,169.235,812.609
576334.47,933610.5,228085.7199,9.133,-24.3787,3.4713,-0.9733,2.0179,170.3147,860.569
576466.31,933217.33,228090.715,6.5121,-23.8474,4.3389,0.9626,1.5627,173.5943,924.155
576568.61,932823.34,228095.7101,6.4498,-24.3658,4.2287,-3.126,0.3666,172.7897,994.218
576690.91,932418.52,228100.7052,8.783,-25.2254,4.3795,-5.2014,-1.5694,167.1751,1067.988
576880.32,931999.96,228105.7004,14.8714,-25.0561,2.9813,-11.234,0.9526,156.433,1133.25
577192.64,931632.63,228110.6955,23.3243,-19.2477,1.4384,-15.0876,0.2528,137.949,1166.223
577644.6,931401.43,228115.6906,31.2213,-8.1008,0.8413,-18.4459,0.0058,112.7779,1183.887
578186.55,931391.78,228120.6857,33.871,7.0291,0.1979,-19.3705,-1.4272,82.9133,1192.486
578706.74,931640.35,228125.6808,28.2741,22.2053,1.0236,-18.3645,1.0169,56.6067,1203.025
579091.03,932083.5,228130.676,18.6244,31.1428,0.7156,-16.7827,-0.5952,34.869,1225.034
579314.47,932645.72,228135.6711,8.4713,36.938,-2.7916,-15.8471,-2.0802,13.7954,1198.493
579362.57,933269.97,228140.6662,-1.9892,38.5595,-2.4815,-12.3303,-1.0725,358.5177,1153.952
579258.81,933897.81,228145.6613,-9.5274,38.222,-1.2176,-6.6991,-2.6121,343.8676,1130.162
579068.44,934512.71,228150.6565,-12.9731,36.8889,-1.7933,-4.5335,-0.7552,337.9802,1113.834
578835.3,935107.07,228155.6516,-14.3119,36.1086,-0.7453,6.3353,-0.4246,335.765,1088.288
578658.26,935719.34,228160.6467,-7.4595,38.1014,-1.9392,4.6912,-0.1731,349.5771,1071.083
578558.33,936338.2,228165.6418,-5.2832,37.5695,-1.1548,-1.7423,-0.3197,351.0689,1040.89
578460.55,936933.29,228170.6369,-7.6996,34.7548,-1.5079,-10.1149,1.6022,347.7775,1021.229
578270.39,937449.44,228175.6321,-15.1234,27.4447,-1.8739,-14.0656,3.6972,329.1658,996.259
577953.7,937807.43,228180.6272,-22.9636,15.6051,-2.6744,-17.3326,1.0168,302.4762,957.243
577541.5,937940.78,228185.6223,-25.8185,-0.6396,-1.8704,-22.6134,2.9451,271.6176,916.046
577174.31,937778.34,228190.6174,-17.9165,-17.5568,-1.1761,-19.2004,-0.0717,232.6059,890.745
576996.34,937414.62,228195.6126,-4.0177,-24.566,-0.6003,-14.2987,2.614,199.8482,887.537
576990.27,937012.04,228200.6077,1.354,-24.3009,-1.9985,-2.2761,1.1904,187.3158,860.264
577014.62,936620.05,228205.6028,1.7813,-23.6414,-0.4583,-2.3471,1.0839,186.5539,836.294
577046.91,936234.46,228210.5979,1.4347,-23.4345,1.1158,1.4298,0.6333,189.4666,839.303
577063.34,935853.23,228215.5931,0.5904,-23.0598,1.6152,-0.8728,0.8387,189.8518,860.428
577066.14,935472.84,228220.5882,-1.3074,-23.1144,1.2499,3.0933,0.6247,192.9472,883.242
577014.97,935101.42,228225.5833,-5.2637,-22.21,1.0302,3.0515,-0.259,202.405,901.105
576903.62,934737.16,228230.5784,-7.7061,-22.5076,0.2193,-0.3879,-1.3385,205.7347,917.433
576783.24,934351.9,228235.5735,-6.2444,-24.4712,-0.5326,-5.5835,0.1903,196.0074,910.039
576720.04,933936.03,228240.5686,-2.3869,-25.9521,0.2621,-2.2683,-0.1285,193.706,909.884
576691.06,933506.13,228245.5637,-1.5526,-26.5018,0.4691,-2.5447,0.3185,190.7565,915.178
576675.02,933074.15,228250.5589,-1.2239,-25.8336,-0.5855,1.329,1.3206,189.9409,920.013
576626.6,932666.41,228255.554,-3.995,-24.5533,-0.1767,-0.7173,-0.0882,198.8151,914.308
576562.3,932258.33,228260.5491,-4.1555,-25.2243,2.4713,-1.7124,0.0206,197.2201,936.87
576501.69,931838.78,228265.5442,-3.6741,-25.8617,3.6574,-0.7354,-0.0398,191.1075,992.335
576440.51,931411.36,228270.5394,-3.6215,-26.2664,1.2609,-2.2144,0.1659,188.5152,1031.832
576399.06,930978.9,228275.5345,-1.2455,-26.4436,-0.5469,-3.5283,1.0227,183.5067,1041.629
576397.59,930542.11,228280.5296,-0.0924,-26.9545,0.0835,0.8141,-0.3593,189.0018,1042.029
576379.59,930103.66,228285.5247,-1.981,-26.4491,-0.5867,0.4131,0.7609,192.7082,1034.549
576330.9,929677.28,228290.5199,-3.8367,-25.708,0.0601,-0.7099,0.1746,194.3841,1023.687
576270.18,929251.28,228295.515,-3.7294,-26.4034,-0.2498,-0.9443,-0.5971,194.5841,1025.594
576214.99,928815.15,228300.5101,-3.2338,-26.9554,0.7103,-1.1103,-0.8043,193.4558,1026.476
576171.41,928363.19,228305.5052,-2.1874,-28.1045,1.7131,-1.9898,-0.7076,189.6826,1050.443
576143.79,927901.26,228310.5003,-1.8375,-27.8149,0.5222,0.5954,0.3596,188.7938,1073.219
576109.52,927447.04,228315.4955,-2.5778,-27.1647,1.0423,0.599,1.8363,189.3238,1081.75
576070.78,927017.95,228320.4906,-2.4174,-25.158,1.0762,-0.0856,2.1018,189.9644,1100.112
576033.29,926616.21,228325.4857,-2.4842,-23.9503,0.4135,0.7636,1.0996,190.2777,1108.139
575991.11,926231.84,228330.4808,-2.9112,-23.3232,1.5665,0.215,-0.9015,191.1135,1128.712
575942.88,925840.99,228335.476,-2.8188,-24.4973,0.9592,-2.1583,-0.6482,191.8234,1151.269
575907.43,925427.49,228340.4711,-2.0959,-25.919,1.0354,-0.9956,-1.2282,188.9816,1167.513
575881.3,924997.01,228345.4662,-1.3963,-26.2644,0.6633,-0.6056,0.5095,190.4524,1185.831
575852.03,924563.73,228350.4613,-2.4559,-26.7961,0.4562,-0.1234,-0.2802,192.7922,1194.613
575804.62,924124.19,228355.4564,-2.9782,-26.8327,0.6836,-1.5405,0.7063,193.527,1205.876
575757.79,923683.89,228360.4515,-2.6766,-27.1122,-0.9436,-1.8268,-1.0158,191.3034,1206.746
575719.54,923243.17,228365.4467,-2.3042,-26.3331,-1.6297,-0.7179,1.1676,191.5794,1180.691
575679.58,922821.11,228370.4418,-3.2589,-25.2979,-1.953,0.3484,-0.928,198.7006,1155.757
575617.75,922406.93,228375.4369,-4.1049,-25.293,-1.2592,-1.3729,-0.7267,198.0622,1122.984
575542.37,921992.05,228380.432,-5.481,-24.995,1.1916,1.4844,0.477,202.8804,1117.962
575434.75,921590.57,228385.4272,-7.6217,-24.0268,2.1931,-0.4286,0.2742,205.816,1148.351
575309.69,921197.75,228390.4223,-7.762,-23.999,-0.492,-1.7085,-0.2174,202.5089,1162.21
575199.0,920796.08,228395.4174,-5.6946,-24.9309,-1.4391,-3.6625,0.2931,194.6099,1147.477
575118.45,920383.27,228400.4125,-4.5404,-25.1587,-0.1992,-0.9006,1.7323,196.3533,1135.464
575041.43,919979.95,228405.4077,-5.188,-24.4551,-0.2403,0.6832,-1.1699,198.6231,1130.103
574950.89,919571.84,228410.4028,-5.8304,-25.3515,-0.1281,-1.3869,-0.2445,198.8619,1134.611
574862.61,919154.24,228415.3979,-5.1455,-25.6608,-0.3005,-1.6039,-0.2171,197.2079,1128.266
574785.72,918732.86,228420.393,-4.2456,-25.7721,0.5959,-1.8522,-0.9498,195.4539,1130.34
574718.46,918297.17,228425.3881,-3.6846,-27.5036,1.1892,-4.8013,-1.3,194.2019,1142.944
574705.62,917829.88,228430.3833,2.6131,-29.3152,0.5964,-10.1423,-0.9964,183.9675,1161.387
574806.39,917340.73,228435.3784,9.2215,-30.4755,0.4987,-8.1528,-2.1569,172.3015,1170.454
574993.2,916835.59,228440.3735,13.1203,-30.7109,1.2773,-5.1773,-0.8881,163.658,1186.246
575224.78,916333.11,228445.3686,14.5473,-30.468,-0.3185,-1.6108,0.863,164.0158,1182.559
575438.54,915840.21,228450.3637,9.8502,-30.141,-0.2956,5.8148,1.2162,172.9749,1182.161
575530.55,915359.74,228455.3588,0.8501,-28.9691,1.9524,7.1584,-2.9142,189.6761,1198.234
575469.35,914905.02,228460.354,-9.241,-24.8642,1.0846,15.0723,-0.1753,212.8129,1224.524
575223.01,914602.13,228465.3491,-20.2337,-10.2039,-0.9949,21.6518,-5.1646,258.2463,1230.507
574871.28,914595.74,228470.3442,-21.0666,7.8531,-2.0503,10.7919,-5.7418,306.0893,1209.676
574540.08,914778.18,228475.3393,-19.4206,13.4521,-1.9479,3.8251,-3.3744,312.2301,1170.586
574246.27,915038.36,228480.3344,-15.4428,17.9212,0.2231,4.0705,0.3628,329.2772,1154.444
574043.95,915351.9,228485.3296,-8.7619,20.5081,0.2087,6.5826,-0.6223,345.2834,1160.27
573947.88,915691.9,228490.3247,-3.4188,20.4556,-0.9404,2.8667,1.0501,0.2456,1157.752
573916.17,916036.92,228495.3198,-0.5553,22.3752,-2.2019,0.4286,-3.9845,4.2323,1123.652
573916.72,916431.92,228500.3149,0.0474,25.0504,2.1159,-1.6453,-0.2133,3.1063,1120.423
573923.02,916836.69,228505.31,1.5085,24.3682,3.2815,0.7135,1.986,5.5203,1169.207
573965.29,917235.63,228510.3052,4.0639,24.8198,2.0303,1.6969,-1.1002,9.3831,1210.906
574042.85,917655.77,228515.3003,5.0212,26.3725,2.0975,-1.8178,0.0604,11.0675,1243.584
574138.42,918092.11,228520.2954,6.8634,26.7838,0.9124,-0.8696,0.2151,14.5085,1271.705
574264.1,918533.5,228525.2905,8.3423,27.1782,1.5807,-1.8756,0.9883,18.0914,1296.254
574387.4,918984.21,228530.2856,7.0518,27.9659,0.465,-0.7961,-1.5791,21.921,1306.201
574508.85,919453.51,228535.2807,8.0898,29.0646,0.6917,-1.6299,-0.4854,21.0134,1309.226
574638.06,919933.38,228540.2759,7.8884,29.3368,0.4592,-2.457,0.0867,19.094,1325.104
574768.05,920410.15,228545.271,7.6358,28.7363,-0.5099,-3.2656,-0.1089,16.6634,1314.027
574878.44,920882.43,228550.2661,5.9794,28.6445,-1.6894,-3.3047,1.4044,14.5641,1293.546
574961.0,921344.4,228555.2612,5.0002,27.5109,-2.3073,0.2047,1.5721,16.232,1266.824
575046.38,921782.18,228560.2563,5.5966,25.9047,-2.0457,0.7,0.8422,18.6298,1221.891
575140.83,922202.83,228565.2514,6.1322,25.7909,-2.4105,-0.745,-1.3637,21.3449,1185.62
575248.24,922635.81,228570.2466,6.6931,27.4063,-2.4319,-3.4108,-2.2757,13.348,1144.31
575337.52,923094.65,228575.2417,3.8139,27.9876,0.131,-4.5294,2.4175,7.7365,1128.154
575384.89,923539.85,228580.2368,2.7044,26.4344,0.7708,-1.1935,1.5156,5.7022,1134.607
575425.14,923968.73,228585.2319,2.2241,26.1937,-0.0491,-2.0126,-0.4248,7.0391,1157.406
575462.37,924405.8,228590.227,2.8984,27.0902,-1.2868,-0.688,-0.7832,7.3323,1142.249
575507.13,924852.45,228595.2222,2.5236,27.1453,0.567,-1.8299,1.143,9.0946,1140.452
575554.38,925288.46,228600.2173,3.5404,26.2055,-0.0508,-0.623,-0.1054,9.798,1145.524
575604.06,925722.06,228605.2124,2.1251,27.0617,-1.4231,-4.9051,-0.9606,7.3732,1137.037
575619.36,926170.16,228610.2075,0.8222,27.376,0.0467,-1.3464,0.3346,7.8625,1125.183
575643.73,926615.12,228615.2026,2.6612,26.8473,1.9641,0.8303,0.1024,11.6059,1135.363
575696.34,927055.31,228620.1978,3.6136,26.901,1.4139,-1.6133,-0.4222,11.6705,1160.353
575746.95,927502.59,228625.1929,2.5179,27.6657,0.592,-3.4405,-1.2061,8.5383,1176.289
575771.74,927959.51,228630.188,1.1413,28.0438,-0.1932,-1.6163,-1.1896,5.8869,1186.073
575794.26,928421.61,228635.1831,2.3077,28.3422,-2.289,-0.3989,-0.692,9.5662,1157.209
575839.32,928880.65,228640.1782,3.3373,27.4936,-2.8478,0.1887,1.3191,11.8024,1115.245
575893.92,929324.61,228645.1733,3.7681,26.8226,-2.0602,1.0292,-0.1588,12.3711,1074.644
575955.02,929764.45,228650.1685,3.5065,26.9456,-0.1361,-1.494,-0.7591,11.1422,1059.589
576008.55,930208.55,228655.1636,3.0182,27.1295,-1.2398,-1.8958,-0.1673,10.9611,1050.043
576054.3,930652.81,228660.1587,2.9171,27.0995,-3.1002,-0.9621,-0.4476,11.3454,1010.217
576103.99,931100.29,228665.1538,3.2844,27.4202,-1.0988,-1.2642,0.3674,8.6946,972.177
576152.65,931551.01,228670.1489,2.8348,27.5196,0.5881,-1.4163,-0.0664,7.8633,971.191
576192.25,932002.14,228675.1441,1.9193,27.5432,0.3205,-2.5042,-0.8571,7.2749,983.475
576219.26,932461.33,228680.1392,1.6781,28.212,2.2784,-0.7368,0.6169,8.1288,1000.412
576263.49,932921.3,228685.1343,3.4494,28.0362,3.3008,-2.4216,1.5709,10.1146,1050.116
576319.18,933379.93,228690.1294,3.6466,28.5742,0.228,-2.2559,-3.0989,12.3241,1084.254
576385.56,933872.74,228695.1246,4.7418,31.1821,-1.0331,-0.5905,-1.5974,9.595,1069.487
576462.04,934389.46,228700.1197,4.5271,32.0741,-1.0988,-1.9372,-1.8335,9.984,1055.418
576536.58,934924.49,228705.1148,4.6761,32.7862,-0.6854,-1.086,0.2167,9.7729,1038.625
576614.78,935466.75,228710.1099,5.8252,33.0809,-0.0924,5.4957,-0.4133,11.634,1023.325
576765.32,935994.36,228715.1051,12.1452,30.9721,0.0756,6.6726,0.2077,17.3456,1029.909
576991.98,936492.53,228720.1002,14.9189,30.1375,-1.8106,-0.9773,-0.4192,28.6103,1012.263
577217.41,936998.06,228725.0953,12.0493,31.6399,-1.1926,-6.3203,0.2311,20.2477,981.625
577359.88,937519.69,228730.0904,3.6346,31.3563,1.2256,-15.3467,4.9328,5.5633,979.889
577299.61,937987.4,228735.0856,-10.8602,24.9504,-0.0946,-18.6233,2.7623,340.6892,983.861
577029.28,938331.32,228740.0807,-20.8916,17.2121,-2.8172,-14.5862,-0.9569,310.9169,969.75
576637.92,938545.27,228745.0758,-25.9013,8.541,-1.8209,-11.6546,1.7782,292.1885,924.273
576214.52,938614.81,228750.0709,-25.3703,0.5705,-0.2398,-10.9631,0.8292,277.9584,909.954
575800.4,938563.64,228755.066,-24.5585,-6.7683,-0.5467,-11.7737,1.5819,258.8531,895.983
575432.28,938390.26,228760.0612,-20.2095,-13.7116,-0.8739,-10.565,2.8505,247.1775,883.298
575156.03,938110.51,228765.0563,-12.7764,-20.1078,-0.8364,-12.5324,3.1815,226.3281,865.81
574974.08,937763.52,228770.0514,-10.4924,-21.7984,-0.0471,-4.51,-0.1323,216.5246,859.288
574838.37,937396.9,228775.0465,-5.7196,-22.7545,1.1499,-7.8548,2.0486,205.5727,869.632
574794.29,937015.34,228780.0417,-0.0241,-23.524,2.1411,-7.2914,3.501,191.1866,901.337
574837.97,936639.17,228785.0368,4.7843,-22.3136,1.3308,-4.1158,2.4131,178.437,932.629
574936.03,936274.93,228790.0319,6.9391,-22.3794,1.1124,-3.4738,-0.2762,173.5274,955.187
575067.52,935903.7,228795.027,8.7717,-23.0532,0.155,-2.5866,-2.261,168.6731,968.217
575226.5,935517.1,228800.0222,10.439,-24.1012,0.6231,-2.0117,-1.737,165.1144,971.769
575404.77,935109.51,228805.0173,11.1291,-25.3844,-0.9826,-1.9979,0.4197,166.9078,973.204
575587.38,934704.46,228810.0124,10.6375,-24.1801,-1.6584,0.7494,1.4407,170.8988,954.15
575738.17,934311.56,228815.0075,7.5335,-24.076,-0.5911,0.6588,-0.991,180.3468,933.664
575848.95,933913.32,228820.0026,5.7837,-24.547,0.7762,0.3426,0.039,179.2283,933.185
575949.16,933516.68,228824.9978,6.971,-23.4843,0.8326,-3.6486,2.8333,172.2712,959.371
576077.38,933144.58,228829.9929,8.2744,-22.3076,0.6968,-2.0957,0.6723,171.5201,969.477
576217.55,932779.41,228834.988,8.5917,-22.5277,1.0108,-1.3943,-0.3631,170.084,981.514
576364.49,932400.12,228839.9831,9.2838,-23.7337,2.9045,-2.7464,0.0449,169.17,1013.125
576520.5,932005.33,228844.9783,9.8337,-24.6303,2.1526,-3.6076,-1.6213,169.2585,1058.303
576688.43,931590.21,228849.9734,10.4955,-26.0848,1.2066,-2.3899,-3.2507,170.7894,1088.033
576856.06,931149.83,228854.9685,9.7776,-27.552,0.6098,-1.609,-2.0309,172.0068,1100.136
577015.41,930686.82,228859.9636,9.4555,-28.9313,0.9481,-1.8811,-0.3423,170.5643,1110.081
577168.7,930204.15,228864.9588,9.1909,-30.3075,1.9911,-2.2994,-1.2854,170.2497,1138.643
577325.61,929701.58,228869.9539,9.4984,-31.1868,0.8264,-1.8254,-2.4186,172.0346,1165.003
577483.84,929182.15,228874.949,9.1727,-32.1776,-1.893,-0.3971,-2.3546,176.4693,1148.879
577627.07,928643.87,228879.9441,8.5478,-33.4593,-2.2017,-1.8245,-2.0665,172.1221,1115.374
577773.33,928082.15,228884.9392,8.811,-35.1353,-0.3618,-0.5632,-2.7774,174.4396,1097.27
577908.19,927496.0,228889.9344,7.5911,-36.2857,1.0309,-0.323,-2.3659,175.5538,1091.997
578034.33,926894.38,228894.9295,7.7851,-36.8599,0.2575,-3.3512,-0.1615,171.6933,1109.039
578168.06,926301.23,228899.9246,8.0841,-35.7056,0.2974,-1.3703,-0.2969,174.8536,1108.78
578299.54,925726.12,228904.9197,7.8301,-34.3787,1.6361,-1.5193,0.587,175.884,1125.81
578431.8,925171.93,228909.9149,9.0353,-32.6381,0.2089,-5.6637,2.9133,175.8169,1140.971
578594.88,924667.66,228914.91,10.0968,-28.9546,0.0133,-0.7815,3.1105,169.1747,1137.223
578727.56,924213.91,228919.9051,4.5813,-26.1819,-2.0272,8.5797,4.7475,187.696,1122.235
578723.08,923824.6,228924.9002,-5.6052,-22.0762,-1.0989,7.2943,-2.4347,208.3089,1097.853
578587.94,923477.47,228929.8953,-11.1123,-19.677,-0.5725,7.9339,-0.994,222.8142,1080.946
578353.12,923197.68,228934.8905,-16.9219,-14.9931,0.4126,3.1859,-2.481,234.2811,1078.28
578056.42,922954.2,228939.8856,-19.0638,-14.9483,0.0261,-0.3972,-1.7288,236.697,1078.937
577733.74,922712.25,228944.8807,-20.4506,-14.3406,-0.0819,0.2701,-0.5481,238.7841,1073.793
577399.04,922473.34,228949.8758,-20.1319,-14.9792,0.7217,-2.3687,0.8184,234.2554,1079.968
577080.55,922215.96,228954.871,-18.8422,-16.0589,1.1873,-1.2583,2.2907,229.9691,1097.452
576785.16,921959.36,228959.8661,-17.5217,-15.2176,1.4783,-1.0149,0.8169,230.3551,1122.789
576503.6,921701.01,228964.8612,-16.5826,-16.501,0.2866,-3.61,0.0879,222.8671,1129.412
576252.11,921412.0,228969.8563,-14.3646,-18.6322,0.0957,-3.1692,-0.5552,220.5933,1135.166
576031.44,921096.93,228974.8515,-12.6496,-19.4276,-0.6417,-0.328,1.7915,218.6971,1120.667
575828.78,920774.5,228979.8466,-12.1579,-20.1231,-0.6096,-1.3163,-0.2117,218.8209,1118.171
575627.29,920439.66,228984.8417,-12.6006,-20.4566,1.0134,-0.0568,0.1511,217.9967,1119.976
575423.79,920102.01,228989.8368,-12.0132,-20.6286,0.6515,-2.4864,2.1044,217.578,1138.328
575228.95,919772.62,228994.8319,-12.7458,-19.188,0.1557,1.2347,-0.224,220.4056,1141.08
575013.15,919466.11,228999.8271,-13.2082,-18.2328,-0.2756,-1.415,1.8252,220.5225,1144.317
574804.8,919163.1,229004.8222,-12.8882,-18.6472,0.3076,0.3258,0.0325,221.9343,1147.648
574583.23,918869.2,229009.8173,-13.9108,-17.3042,0.728,-0.6357,1.6758,223.9099,1152.441
574361.65,918582.91,229014.8124,-13.6318,-17.8326,1.2938,-1.4159,-0.9369,222.9317,1179.9
574137.28,918280.82,229019.8075,-13.8159,-19.0535,0.6856,-2.5426,-0.6311,219.4947,1198.651
573926.06,917959.86,229024.8027,-11.699,-19.9657,-0.5498,-4.0303,1.199,211.5305,1183.654
573783.73,917619.79,229029.7978,-5.5292,-21.1702,0.0244,-7.698,2.5999,195.9429,1192.383
573734.22,917264.3,229034.7929,-1.519,-22.3832,2.0278,-2.4553,-0.7039,190.277,1199.385
573719.87,916890.85,229039.788,-0.0769,-23.047,1.2157,-4.2392,0.0512,185.3913,1224.653
573756.47,916510.48,229044.7831,5.829,-22.7963,1.2101,-11.6726,0.0366,160.7991,1246.027
573915.64,916170.18,229049.7783,12.3584,-19.1482,0.0683,-5.2542,0.384,147.4293,1255.735
574147.95,915877.66,229054.7734,15.4612,-16.816,-0.5895,-1.5306,0.7115,140.6925,1251.286
574402.42,915602.45,229059.7685,15.0091,-17.5801,-1.8108,2.6549,-1.5455,152.1236,1231.025
574626.79,915293.39,229064.7636,12.5642,-20.0311,-2.2936,1.0841,-1.6464,161.8363,1193.187
574826.81,914949.43,229069.7587,12.0984,-21.9592,0.2325,-1.8429,-1.4306,158.5987,1177.762
575037.17,914579.86,229074.7538,13.7503,-23.2072,0.6618,-4.1222,-2.0237,157.025,1181.431
575290.78,914202.57,229079.749,17.0392,-22.3628,2.3549,-5.0462,-0.1447,154.3397,1202.078
575601.12,913844.99,229084.7441,21.1181,-20.8982,1.4556,-9.7257,-0.7125,143.7042,1240.887
575983.85,913510.79,229089.7392,23.9875,-21.3712,-1.2888,0.5872,-2.4061,143.2364,1248.123
576364.45,913139.95,229094.7343,21.988,-23.7872,0.3613,3.2903,-0.2069,150.819,1239.387
576673.73,912720.01,229099.7295,13.9991,-27.7911,1.1386,11.1388,0.0294,166.2238,1245.202
576806.3,912259.89,229104.7246,1.4007,-28.0742,1.4305,14.022,-0.2627,184.7283,1270.8
576716.9,911836.65,229109.7197,-12.1816,-22.4886,-0.2654,14.8253,-1.8674,218.6111,1282.394
576446.09,911539.33,229114.7148,-19.8029,-13.5623,-1.4002,10.7529,-1.8588,247.3457,1281.191
576090.16,911400.98,229119.7099,-22.9463,-1.3324,-1.8292,19.7127,-2.9065,276.0904,1242.387
575755.26,911515.56,229124.705,-16.2096,13.2624,-0.0812,11.9363,-1.5986,323.1766,1228.674
575564.86,911793.24,229129.7002,-7.6838,20.3294,-1.408,7.683,-4.6177,349.337,1217.219
575492.19,912156.59,229134.6953,-2.2823,23.2822,0.1407,-0.047,0.2674,354.4334,1200.987
575437.73,912542.52,229139.6904,-4.8437,23.3414,0.0725,-2.1689,0.9307,347.2071,1203.863
575348.31,912918.12,229144.6855,-5.7377,22.3603,3.1054,-0.9766,1.2553,342.6253,1218.873
575252.84,913274.64,229149.6806,-5.7827,21.1017,0.1692,-0.4688,2.948,341.2965,1238.843
575152.56,913615.97,229154.6758,-6.6322,20.7293,0.463,-2.6818,0.7119,340.6212,1248.439
575024.62,913951.57,229159.6709,-8.814,19.8877,1.5771,-4.902,1.6023,329.1771,1262.2
574838.92,914248.72,229164.666,-13.6329,16.3757,2.1056,-4.7366,1.0756,327.0469,1298.406
574610.25,914527.41,229169.6611,-13.6891,18.3203,1.3282,2.3068,-0.002,327.6389,1330.614
574405.41,914854.26,229174.6562,-11.8382,21.5073,-0.4824,-0.7392,-1.7029,330.5551,1331.796
574198.99,915215.67,229179.6513,-13.392,22.253,-1.3402,-2.3396,-0.4853,326.35,1318.706
573966.36,915570.45,229184.6465,-14.5418,21.2927,-2.3984,-0.9043,-0.2515,327.4438,1296.357
573728.84,915926.2,229189.6416,-13.9385,22.5191,-2.1242,0.6934,-1.1488,331.2311,1261.541
573514.0,916308.56,229194.6367,-11.9666,24.2799,-1.2353,1.9117,-1.4261,336.8482,1224.852
573340.33,916714.55,229199.6318,-9.136,25.0011,-0.7931,0.2381,-0.4016,349.7355,1206.201
573242.14,917127.13,229204.627,-1.9361,24.8501,-0.8438,5.1256,-1.0649,14.4582,1185.55
573274.28,917526.07,229209.6221,5.951,23.8033,-0.1117,5.5784,-1.7011,25.2484,1177.802
573415.88,917900.17,229214.6172,10.9809,21.761,0.8253,1.8759,-0.5092,35.6261,1187.492
573615.51,918248.03,229219.6123,13.5608,21.1676,0.379,-0.3387,-2.3825,40.0583,1200.836
573867.01,918594.18,229224.6074,16.9398,21.0118,0.5704,0.1787,-2.0809,43.8424,1203.533
574157.75,918954.1,229229.6025,18.2238,23.0192,3.4186,-3.3669,-1.9045,42.1679,1241.265
574455.24,919346.68,229234.5977,18.3339,24.4766,2.6967,-2.5974,-0.4312,38.9475,1293.095
574752.5,919757.92,229239.5928,17.9819,25.5677,-0.8387,-2.1044,-1.6375,36.8132,1311.103
575042.4,920192.73,229244.5879,17.6491,27.5369,0.291,-3.4786,-1.8108,31.8066,1303.167
575315.46,920656.0,229249.583,16.5837,28.3746,-0.0718,-0.9627,-0.4364,30.2812,1309.491
575569.45,921128.42,229254.5781,12.2405,29.632,-0.2952,-13.4233,2.7174,18.1674,1300.504
575643.93,921607.23,229259.5733,-3.4466,27.3637,-0.2316,-18.7472,4.381,351.9968,1298.301
575466.73,921991.11,229264.5684,-17.3873,18.8986,-1.9605,-19.0518,-0.5342,318.5916,1283.024
575104.43,922205.87,229269.5635,-25.6429,6.9564,-2.733,-16.1887,-0.5046,286.9582,1237.671
574683.56,922193.62,229274.5586,-24.1323,-7.928,-0.1086,-15.647,1.9032,255.7536,1222.043
574329.95,921982.53,229279.5538,-18.7463,-16.7703,-0.6449,-12.4456,1.4009,232.453,1218.227
574101.32,921649.5,229284.5489,-9.1049,-22.987,0.3339,-11.1297,0.1291,205.5089,1223.55
574012.49,921247.2,229289.544,-2.4767,-25.2899,-0.1438,-5.739,1.0413,191.432,1223.197
573990.96,920834.59,229294.5391,-0.8827,-25.0001,-0.1596,-1.95,0.8459,188.7862,1219.261
573978.28,920427.98,229299.5342,-1.1283,-24.766,1.2886,-1.2222,-0.2537,190.3774,1227.158
573952.71,920021.62,229304.5293,-2.239,-24.6571,1.653,0.2006,0.8104,193.4172,1254.216
573901.35,919626.64,229309.5244,-4.099,-23.4768,1.5543,2.5769,-0.13,200.0216,1282.661
573808.41,919250.33,229314.5196,-7.2235,-22.3822,-1.0839,1.5633,-0.0405,206.5609,1275.158
573686.81,918883.38,229319.5147,-6.5537,-22.6115,-0.5734,-7.1053,1.2567,202.1957,1261.003
573625.09,918515.82,229324.5098,-2.0895,-21.9447,1.5186,-2.714,2.3378,196.7007,1265.438
573594.05,918167.42,229329.5049,-2.5936,-20.9548,0.8652,-0.1605,-0.8899,199.5116,1290.736
573534.01,917817.39,229334.5,-4.847,-21.9632,-0.3342,-0.9311,-2.3719,204.9596,1288.944
573446.98,917443.62,229339.4952,-5.3418,-23.5012,-0.1248,-3.8593,-0.3817,202.8258,1289.818
573371.58,917050.93,229344.4903,-4.1717,-24.2477,-0.1019,-2.7971,0.4516,201.1043,1279.546
573313.75,916652.14,229349.4854,-3.0484,-24.4714,0.1993,-2.0018,0.0438,200.5474,1279.421
573266.22,916247.69,229354.4805,-3.6788,-25.449,-0.8949,4.6354,-5.0084,196.373,1281.628
573119.36,915848.5,229359.4757,-14.4185,-21.4202,0.8858,11.4946,-2.0359,223.0533,1276.245
572812.64,915575.38,229364.4708,-22.5519,-10.9742,0.9463,14.0035,-3.0929,252.2427,1296.852
572422.43,915495.42,229369.4659,-24.013,1.3385,-1.2335,13.3882,-1.4605,279.6885,1298.339
572038.69,915600.63,229374.461,-23.2098,9.8525,-1.7184,-1.2001,-0.9956,292.8005,1268.413
571650.45,915777.62,229379.4561,-23.7075,14.0461,-2.2224,6.6546,-5.6704,306.9022,1239.011
571292.43,916075.18,229384.4512,-19.06,22.0506,-0.7348,9.2586,-1.5347,320.0534,1220.731
571002.38,916467.74,229389.4464,-17.025,25.3427,0.2865,1.4646,-2.2529,328.2327,1212.055
570731.96,916899.01,229394.4415,-16.2061,27.1554,-1.0379,-1.9354,-1.9441,331.7898,1209.263
570446.2,917337.37,229399.4366,-19.9797,25.2392,-2.8395,-14.9738,-1.0247,328.5049,1182.555
570058.4,917701.58,229404.4317,-27.3097,18.7112,-2.5419,-17.4011,-0.7606,311.1308,1135.421
569557.42,917910.35,229409.4268,-32.9597,6.9943,-1.201,-16.4034,-0.3683,293.1386,1101.065
568999.82,917938.17,229414.422,-34.3927,-2.9807,-1.7009,-13.6988,-0.5664,270.5446,1073.821
568457.27,917797.47,229419.4171,-30.7868,-13.4656,-1.2674,-13.9618,2.5231,253.214,1048.319
567993.61,917533.65,229424.4122,-26.8203,-17.3578,-2.1421,0.2229,-0.8375,245.2594,1013.088
567536.8,917303.74,229429.4073,-28.5716,-8.3953,-0.7893,14.7113,2.0877,262.6641,987.876
567109.32,917314.82,229434.4024,-21.3772,9.878,-0.9802,22.0599,2.0028,301.2855,978.739
566859.27,917573.91,229439.3975,-8.6938,20.3555,-1.5995,14.8973,-4.4708,350.9567,946.885
566830.07,917923.84,229444.3927,5.3853,21.181,-1.1591,12.9054,-3.5123,20.4955,932.823
567019.35,918223.65,229449.3878,17.2064,13.6639,0.4408,15.2901,-2.5181,65.3698,930.612
567336.24,918356.42,229454.3829,20.6146,2.2004,0.3219,17.4132,-0.6148,92.8856,936.365
567664.98,918287.48,229459.378,20.0818,-7.76,-0.2216,-2.4763,-0.988,108.5308,931.898
568007.09,918208.24,229464.3731,21.3947,-2.1038,2.4774,-7.0404,-0.1373,95.7903,949.467
568368.44,918209.91,229469.3683,22.5412,1.0058,1.815,-1.5825,-0.4166,92.3735,988.807
568759.04,918233.83,229474.3634,24.9869,2.5768,1.3395,-5.6277,-0.1886,90.6795,1018.247
569174.8,918304.88,229479.3585,25.6005,3.7567,2.3723,6.713,0.7421,89.3931,1042.623
569603.8,918338.55,229484.3536,26.6556,1.013,2.0208,0.2503,0.4696,91.3988,1086.855
570047.99,918352.78,229489.3487,27.769,0.5288,1.5306,-0.501,-1.0408,92.1525,1120.358
570510.78,918378.39,229494.3439,28.4928,2.9356,-0.7392,-3.8096,-0.5433,86.1991,1123.971
570978.96,918444.34,229499.339,28.7684,4.6891,1.8882,-2.278,0.3439,86.9646,1131.183
571445.67,918511.73,229504.3341,28.0902,2.9246,3.0574,0.9932,2.7303,89.4449,1168.286
571900.22,918546.3,229509.3292,27.4211,1.4211,2.5242,-1.3731,2.2123,92.1607,1211.729
572338.71,918578.75,229514.3243,26.1843,2.5572,3.2442,-3.7248,2.3051,89.4707,1263.629
572765.23,918625.69,229519.3194,26.1529,1.969,2.1963,0.9308,0.0521,94.5693,1307.385
573200.95,918639.23,229524.3145,27.085,-0.9461,1.0202,1.6926,-1.8354,107.662,1333.815
573644.03,918578.45,229529.3097,26.2712,-7.1032,1.4034,3.0572,-2.1983,127.1363,1354.512
574057.91,918411.88,229534.3048,25.7839,-11.9826,0.7598,-9.1251,-3.4451,122.6048,1372.84
574534.02,918298.12,229539.2999,32.0498,-0.5276,-0.4213,-20.3325,-2.0499,101.7361,1378.718
575074.95,918408.83,229544.295,33.3495,12.9788,-1.04,-16.3183,-2.6975,75.7883,1364.818
575592.22,918738.63,229549.2901,28.7074,26.918,-0.1382,-20.0265,-2.8268,51.6736,1359.969
575962.78,919271.92,229554.2853,15.8161,36.6724,-1.5167,-19.7808,-0.2055,21.8191,1347.913
576097.78,919892.12,229559.2804,1.364,38.3326,-1.3836,-16.852,-0.6957,3.9197,1320.592
576027.8,920511.81,229564.2755,-9.2116,36.5544,-3.5277,-14.2891,0.9079,346.08,1283.003
575791.94,921063.67,229569.2706,-18.4604,30.9788,-1.2109,-13.0174,-0.3658,331.2,1261.167
575434.81,921519.93,229574.2657,-24.5351,24.1451,-1.1718,-11.8561,2.4405,318.5582,1235.146
575000.92,921853.77,229579.2608,-28.1497,16.5949,-2.93,-11.8697,1.5834,306.3108,1199.33
574516.26,922055.32,229584.2559,-30.6603,9.2502,-3.1756,-8.2374,-0.1123,294.041,1157.997
574003.36,922154.39,229589.251,-31.3154,2.5282,-0.9969,-11.5217,1.6628,280.1372,1126.515
573499.63,922132.06,229594.2462,-29.7305,-4.7603,0.7553,-7.3264,3.0301,265.7364,1115.618
573043.37,922009.02,229599.2413,-26.0464,-9.8122,1.1317,-7.4375,2.7422,255.0681,1131.053
572656.27,921800.12,229604.2364,-21.2152,-14.941,0.0427,-7.206,3.4423,242.7122,1146.786
572349.64,921532.55,229609.2315,-16.1473,-17.7068,-0.3776,-7.9599,2.9264,229.314,1136.206
572157.31,921209.64,229614.2267,-7.7913,-21.421,1.3935,-10.3179,1.2311,211.9136,1154.272
572058.35,920840.26,229619.2218,-5.5772,-23.3092,1.9597,-3.2309,-1.1014,201.2765,1178.049
572017.15,920446.3,229624.2169,1.576,-24.2068,-0.1106,-9.3697,2.5968,186.3308,1191.465
572098.71,920062.18,229629.212,8.1992,-22.4863,0.3097,-5.3472,2.5699,168.9606,1194.173
572275.21,919718.27,229634.2071,13.866,-19.1185,-1.0035,-8.0307,1.781,152.3159,1185.393
572534.45,919432.24,229639.2022,17.3982,-15.7468,0.1849,-4.7982,1.4964,140.4748,1174.278
572837.3,919199.39,229644.1973,19.23,-13.1069,1.401,-2.0748,1.4533,134.1377,1191.033
573154.38,918986.05,229649.1925,19.6227,-13.1201,1.3405,-1.679,0.8159,134.645,1219.073
573468.51,918753.68,229654.1876,18.5609,-15.8019,0.997,0.545,-1.2284,143.8844,1226.013
573767.73,918482.39,229659.1827,17.9315,-16.8654,2.2802,-2.4312,0.4977,147.6027,1257.176
574065.18,918206.93,229664.1778,18.3001,-16.9937,0.5361,-2.644,0.0718,147.8223,1278.602
574355.32,917909.34,229669.1729,16.2072,-20.2782,-1.6284,4.7331,-4.6419,163.1603,1276.473
574569.34,917536.26,229674.168,9.3838,-24.849,-0.6721,3.7613,-4.5122,181.9038,1254.498
574667.39,917115.28,229679.1632,4.1925,-26.0858,0.5843,-3.5548,0.5361,181.2042,1262.627
574763.86,916694.12,229684.1583,7.7178,-25.3394,-0.724,-5.0616,0.0748,171.7989,1248.495
574925.03,916285.76,229689.1534,11.9654,-24.3996,-0.8172,-6.2218,0.3488,162.7438,1238.709
575156.72,915898.16,229694.1485,15.6806,-23.1778,-2.2362,-3.5361,-0.4302,157.5156,1206.888
575410.1,915512.84,229699.1436,14.3626,-24.2912,-0.1502,1.5971,-0.9957,161.576,1184.608
575632.39,915111.2,229704.1388,13.2444,-24.3269,-0.2018,-1.5606,1.5109,161.5998,1187.954
575836.07,914718.77,229709.1339,11.6204,-23.7497,-0.6534,-0.1349,0.7385,166.5506,1179.954
576013.13,914332.05,229714.129,9.8658,-23.6902,-0.2002,0.2917,-0.1234,169.7079,1172.589
576168.87,913944.05,229719.1241,8.9145,-23.7314,1.0709,0.3784,-0.0903,171.7227,1176.056
576311.89,913554.59,229724.1192,8.8755,-23.619,-1.1779,-1.1169,1.2377,168.6159,1179.989
576461.91,913165.92,229729.1143,8.8772,-24.1671,-1.7758,0.768,-0.4828,168.3766,1153.805
576610.72,912758.57,229734.1095,9.4161,-25.4403,0.5898,-1.2524,-0.4188,166.1525,1135.014
576770.44,912344.28,229739.1046,9.6458,-24.8333,1.2827,-0.4156,1.861,163.5191,1145.999
576930.96,911947.45,229744.0997,9.8031,-23.3705,0.0835,0.1038,2.4786,166.0405,1156.991
577095.28,911570.92,229749.0948,10.3089,-22.7456,0.2331,-0.8422,0.101,163.5673,1154.545
577267.57,911186.1,229754.0899,10.2622,-24.5399,0.2874,0.7362,-2.4586,162.5314,1150.06
577413.86,910760.73,229759.085,4.2032,-27.5195,0.4343,13.1735,0.4836,172.7397,1150.116
577390.72,910306.36,229764.0802,-7.0778,-27.6892,-0.4837,11.2733,-2.4087,198.1711,1151.224
577220.81,909867.23,229769.0753,-12.2718,-26.1671,-1.0378,0.2522,-1.2884,212.5443,1132.321
577047.39,909431.15,229774.0704,-6.3164,-27.3442,0.9944,-16.2485,4.0938,200.3534,1132.646
577070.71,908988.57,229779.0655,9.3614,-25.0192,0.0298,-17.7623,4.2893,167.6344,1133.767
577341.45,908663.83,229784.0606,22.4311,-13.3612,1.0639,-20.0966,4.2973,132.8689,1151.887
577756.78,908564.89,229789.0557,26.4631,0.9916,-0.3353,-15.4565,2.8166,97.9145,1151.103
578172.09,908683.87,229794.0508,23.7336,12.1722,-0.4543,-8.063,-0.3001,65.2048,1144.348
578514.45,908936.71,229799.046,16.7506,18.799,0.4684,-14.5985,2.391,39.9716,1148.351
578709.45,909292.92,229804.0411,7.2556,24.0509,-1.4628,-12.8791,-1.1469,12.9531,1138.246
578755.82,909701.34,229809.0362,-1.4271,24.8902,0.603,-10.3688,0.4712,351.697,1133.279
578682.1,910097.42,229814.0313,-7.5948,23.2471,0.2039,-10.213,0.8872,338.719,1133.004
578500.34,910439.88,229819.0264,-13.5396,19.1593,-0.1259,-7.6252,-0.6619,326.0144,1134.652
578255.16,910746.52,229824.0215,-15.6258,18.7523,0.1777,-1.5269,-0.3228,320.7802,1134.172
578014.08,911065.78,229829.0167,-13.3585,20.1952,1.8242,0.9137,0.9144,325.5679,1146.177
577804.14,911393.7,229834.0118,-11.9441,19.9591,1.3604,-0.3236,0.9749,327.402,1176.733
577594.6,911713.18,229839.0069,-13.8992,18.956,0.6736,-5.052,0.0444,321.2101,1191.187
577346.06,912011.38,229844.002,-16.1577,17.8514,-1.5541,-2.9595,-0.8043,317.7967,1180.281
577087.75,912307.07,229848.9971,-14.0803,19.1559,-0.0642,7.302,-0.137,327.02,1168.128
576924.75,912657.01,229853.9922,-6.4908,22.5729,0.3357,6.5957,1.275,348.7259,1168.802
576848.14,913034.26,229858.9874,-3.8997,24.118,-1.2858,-1.1211,-2.0996,349.8098,1155.198
576750.62,913436.18,229863.9825,-7.8323,24.8203,-1.6933,-3.443,-2.1292,333.9135,1130.959
576597.01,913843.69,229868.9776,-10.9255,24.5685,1.9822,-4.0439,1.0848,330.9662,1131.236
576405.26,914238.82,229873.9727,-11.586,24.2151,1.2509,0.8667,-0.1292,334.4633,1155.03
576216.77,914637.04,229878.9678,-11.5989,24.0625,0.7982,-2.1202,0.6658,335.2061,1170.098
576020.96,915026.69,229883.963,-12.5359,23.3068,0.1464,-3.5003,0.1144,331.0273,1175.945
575804.38,915405.82,229888.9581,-13.6592,23.1538,-0.0885,-3.1997,-0.2772,328.1177,1176.998
575574.85,915776.65,229893.9532,-13.7343,22.4171,-0.6422,-1.963,-0.0603,329.2436,1172.754
575359.9,916149.68,229898.9483,-11.2005,23.9079,-0.7398,3.6842,-1.6954,341.1091,1160.264
575211.49,916548.65,229903.9435,-7.7817,24.1659,-0.064,-2.3222,2.1902,341.0756,1151.602
575068.7,916922.32,229908.9386,-9.5616,21.4898,1.9723,-2.8498,2.2482,338.4816,1162.115
574917.06,917271.24,229913.9337,-8.5603,21.3803,1.169,0.691,0.5326,341.1744,1181.689
574782.82,917630.76,229918.9288,-8.104,22.7358,1.287,-2.8899,-1.5627,338.9117,1203.288
574621.46,918005.7,229923.9239,-11.6467,22.4723,0.827,-4.945,1.5135,326.8762,1222.964
574394.12,918335.87,229928.9191,-16.0585,17.4991,0.9844,-7.5791,1.2545,309.9532,1237.863
574110.78,918588.06,229933.9142,-18.0511,13.6206,0.9203,-4.8086,2.1111,303.2111,1252.746
573803.27,918775.82,229938.9093,-19.5868,9.4541,0.7879,-5.9625,-0.2226,296.6663,1266.759
573463.26,918903.52,229943.9044,-21.8025,6.5999,0.6722,-3.977,-0.9259,288.9814,1276.571
573090.03,918988.86,229948.8996,-23.6268,3.0864,0.124,-8.6267,-0.8128,272.4859,1279.412
572702.58,918973.81,229953.8947,-23.2518,-3.9756,0.5235,-4.6598,1.0428,259.0663,1286.558
572321.06,918902.08,229958.8898,-23.3238,-4.0311,2.5594,-0.1993,0.4168,261.4587,1304.238
571933.59,918841.85,229963.8849,-23.93,-2.7344,-0.5628,0.3228,0.5177,266.4298,1326.647
571535.51,918806.48,229968.88,-24.7748,-2.1357,-0.7999,-3.6246,-0.9375,270.4089,1316.519
571121.2,918765.53,229973.8752,-25.719,-2.3473,-2.0382,-0.9201,-1.1946,269.1484,1289.184
570688.71,918731.04,229978.8703,-27.1282,-1.8439,-2.0773,-1.5509,-2.098,269.6877,1260.887
570233.01,918692.32,229983.8654,-28.4367,-2.7496,-1.9073,-1.8078,-2.0597,271.8544,1224.789
569754.44,918650.84,229988.8605,-29.8652,-3.1712,-1.1705,-8.1715,-1.2234,266.295,1203.323
569263.25,918555.32,229993.8556,-29.759,-8.5141,-0.6126,-9.9447,-0.09,256.3337,1180.476
568809.22,918344.2,229998.8508,-25.1886,-17.0033,-0.7475,-12.889,1.1622,241.1065,1173.496
568452.18,918006.91,230003.8459,-18.4385,-23.1773,-0.9622,-11.3236,2.2561,223.4459,1156.105
568210.29,917595.81,230008.841,-11.6039,-26.9375,-1.8656,-10.3229,-0.7288,211.1454,1138.663
568072.21,917127.27,230013.8361,-5.315,-30.031,-2.1743,-9.4497,-1.1761,199.0026,1100.692
568032.74,916618.63,230018.8313,0.1701,-31.8301,0.0772,-8.2313,-1.1008,190.6702,1083.002
568077.9,916089.81,230023.8264,4.7582,-32.6104,0.0681,-7.2263,-1.5675,180.7421,1083.361
568192.29,915558.92,230028.8215,9.0001,-31.6931,-0.6206,-6.5176,0.6775,173.3817,1073.989
568365.73,915053.83,230033.8166,11.2935,-30.1399,0.3894,-3.6607,-0.3008,168.7212,1075.493
568567.28,914568.26,230038.8118,13.114,-29.2707,-0.3587,-4.4506,-0.5393,167.5251,1075.5
568800.11,914089.8,230043.8069,14.8918,-29.1561,0.7438,-3.5217,-0.2612,161.3585,1089.897
569046.95,913624.44,230048.802,14.5989,-27.6476,0.4595,0.5575,0.6343,161.0461,1094.253
569277.12,913173.47,230053.7971,13.5894,-27.3554,0.0729,-1.5371,0.5694,163.2581,1099.518
569474.17,912729.58,230058.7923,7.6781,-27.573,0.8706,14.0915,1.0184,168.8577,1102.403
569564.47,912272.99,230063.7874,8.2997,-27.0726,0.0533,-14.1451,4.6114,171.0317,1098.061
569790.24,911903.69,230068.7825,18.4369,-17.1986,1.5147,-16.7744,5.7756,145.4446,1114.983
570141.35,911749.19,230073.7776,22.7517,-1.3937,1.3189,-19.6502,4.2815,105.8141,1140.509
570489.78,911854.75,230078.7727,18.295,12.7199,1.44,-14.4392,3.2854,61.3868,1153.478
570733.51,912116.05,230083.7679,12.7953,17.7699,-0.2469,-6.1681,1.2788,44.2178,1162.401
570934.25,912439.68,230088.763,12.0947,21.3478,0.8431,-3.1414,0.1122,35.4448,1166.784
571129.39,912797.91,230093.7581,12.3971,21.7002,2.0374,-0.795,0.0029,38.837,1194.163
571349.1,913142.24,230098.7532,14.8106,19.7526,2.4021,1.661,0.8396,44.5054,1227.445
571613.89,913456.4,230103.7483,17.4565,19.0453,1.7632,-0.1727,-1.0009,46.6674,1266.171
571936.81,913755.86,230108.7435,22.6375,17.2487,1.1795,3.3181,-3.2981,58.692,1287.779
572345.17,914024.9,230113.7386,26.22,17.1432,0.201,-7.0469,-1.2121,61.0492,1299.665
572743.73,914350.44,230118.7337,22.7081,21.8128,-0.5067,-5.4463,-0.7749,51.5279,1301.781
573120.67,914714.04,230123.7288,24.7204,21.1486,-2.3181,3.0978,-1.9462,58.8851,1267.215
573533.79,915061.44,230128.724,25.1284,21.306,-2.485,-2.0606,0.9935,54.8564,1242.284
573921.08,915415.3,230133.7191,21.7445,21.8878,-2.1313,-5.2881,2.79,48.6436,1203.192
574255.59,915775.6,230138.7142,19.9036,21.5595,-1.6876,0.099,1.1316,51.1555,1165.933
574581.2,916124.15,230143.7093,19.7793,21.7552,-0.0756,-5.22,-0.9429,42.413,1157.065
574856.67,916521.99,230148.7044,12.4455,26.6402,2.958,-14.1803,2.7806,29.6844,1194.58
574983.44,916987.17,230153.6996,3.7665,30.1283,-1.1792,-10.0198,-4.18,12.0917,1205.857
575023.48,917502.16,230158.6947,1.9389,32.478,-1.35,-3.6393,-3.8047,8.3612,1188.145
575065.74,918045.83,230163.6898,4.0091,33.2726,-1.0378,2.5476,-0.728,12.861,1166.596
575168.54,918573.77,230168.6849,9.7095,30.2722,1.0301,10.6707,0.186,23.6051,1168.553
575414.19,918984.58,230173.68,19.4912,17.6445,0.0352,21.1562,4.2115,59.8261,1178.088
575771.73,919107.9,230178.6752,23.0329,-1.21,-1.6498,13.9855,-6.9911,107.5935,1171.344
576158.15,919006.34,230183.6703,23.9272,-9.972,-1.2249,5.0307,-3.467,123.5103,1139.367
576539.05,918811.46,230188.6654,22.2534,-13.3584,0.942,0.3838,-0.3852,134.4423,1138.044
576899.78,918593.44,230193.6605,22.0411,-13.2756,0.1751,-1.4447,-2.1442,133.9849,1150.493
577259.73,918347.43,230198.6556,20.389,-17.3881,-1.2004,8.6343,-2.281,147.5571,1142.748
577509.76,918007.07,230203.6508,7.2951,-23.5522,-0.5025,19.4798,-3.5428,182.5547,1123.004
577471.39,917656.36,230208.6459,-9.9936,-17.7723,0.1441,15.0196,-3.6569,224.131,1132.958
577221.03,917431.78,230213.641,-19.7733,-9.4772,-0.9819,8.1414,-3.6057,249.1491,1119.815
576872.13,917287.15,230218.6361,-21.5046,-10.0431,-0.0327,-8.4618,0.4778,249.3346,1115.062
576545.66,917071.45,230223.6312,-19.4223,-14.1074,0.1248,-1.8937,-0.2864,239.5522,1116.362
576227.29,916837.53,230228.6264,-18.8871,-14.4591,1.6212,-2.7834,2.1894,238.2161,1128.897
575917.92,916617.82,230233.6215,-19.5822,-11.7891,2.7918,2.6559,0.8515,242.5342,1171.351
575601.81,916425.66,230238.6166,-18.5451,-12.6076,-0.6759,-5.2041,0.5359,239.9753,1179.505
575327.05,916185.1,230243.6117,-15.4762,-15.6661,-1.2447,0.1986,1.0707,233.2647,1168.794
575069.09,915937.24,230248.6068,-16.0487,-14.2064,-0.1543,-0.0059,1.8162,234.583,1153.849
574813.0,915702.64,230253.602,-15.2208,-14.6925,1.1002,-3.7,1.3683,232.1468,1166.888
574563.4,915453.97,230258.5971,-15.8251,-15.3499,0.6735,-0.9381,-0.9563,232.7085,1182.435
574286.06,915204.53,230263.5922,-17.5256,-15.3566,1.6483,-1.5186,0.9477,235.5089,1196.652
573997.49,914958.8,230268.5873,-17.7768,-14.5618,2.6294,-2.2622,0.3241,236.1317,1233.942
573707.9,914713.02,230273.5825,-17.5823,-15.3768,-0.6213,-2.8938,0.542,233.9977,1245.488
573427.82,914452.13,230278.5776,-16.7231,-16.6115,-0.3518,-3.7449,-0.9795,230.0458,1236.986
573153.71,914164.68,230283.5727,-16.976,-18.1482,0.1123,-2.3342,-0.7137,228.3234,1229.853
572875.71,913857.02,230288.5678,-17.5991,-19.1815,-0.0482,-1.4903,-1.6908,230.8316,1235.206
572575.01,913530.82,230293.5629,-19.0926,-20.3767,-0.2902,-1.4573,-2.4245,229.7351,1227.719
572248.0,913187.81,230298.5581,-20.4563,-21.344,-0.2868,-1.7594,-2.0964,230.8491,1221.139
571901.76,912830.83,230303.5532,-21.5684,-22.1751,-0.2931,-4.8919,-1.1434,231.6107,1217.845
571541.45,912452.2,230308.5483,-22.987,-23.4272,0.1416,-2.0103,-1.3385,231.6178,1215.955
571148.85,912069.62,230313.5434,-25.5504,-22.1213,1.2707,4.0232,-1.3496,234.5166,1229.773
570704.46,911736.65,230318.5385,-28.7334,-17.5159,-0.0672,5.4981,-0.1008,243.2812,1238.212
570222.87,911519.93,230323.5337,-30.0909,-7.5786,0.3055,13.2058,0.1776,260.3348,1250.177
569734.5,911515.77,230328.5288,-28.8017,7.5693,0.0552,17.076,-1.2639,284.5158,1258.152
569300.42,911738.77,230333.5239,-24.3172,17.9177,-1.5061,5.8994,-2.8951,310.5576,1248.505
568931.41,912084.1,230338.519,-19.137,24.4166,-1.5228,10.6367,-0.4067,328.6914,1219.121
568712.57,912511.24,230343.5141,-6.9721,26.6958,-2.1712,12.0364,2.5706,353.6172,1189.208
568695.36,912935.38,230348.5093,5.047,25.498,-4.6415,13.8709,-5.3703,17.0977,1139.28
568832.36,913356.5,230353.5044,9.5329,25.8236,-3.3604,-0.1675,-0.0011,25.3975,1066.339
569022.88,913759.53,230358.4995,15.1206,22.1202,0.5477,10.2255,-0.2254,45.132,1045.571
569332.29,914039.54,230363.4946,21.9378,12.5866,0.1695,6.9649,-3.2676,72.343,1056.036
569725.32,914204.74,230368.4897,25.6124,7.4379,-1.188,5.9017,-1.6063,86.8849,1038.499
570157.58,914285.29,230373.4849,27.0478,2.5923,-0.2487,2.3179,-0.4988,91.8035,1027.521
570608.5,914288.79,230378.48,27.5803,-2.3062,0.5808,3.15,0.9923,99.8203,1032.197
571048.95,914257.59,230383.4751,25.9135,0.1953,0.8833,-11.2354,4.2235,92.8299,1046.768
571452.36,914325.22,230388.4702,23.7318,4.8382,0.3298,0.6563,1.9032,89.5772,1053.582
571841.82,914396.24,230393.4653,24.1879,3.8681,0.2057,-1.1406,-0.3146,91.0639,1054.376
572247.14,914458.55,230398.4604,25.3064,2.9425,1.636,2.0765,0.0762,93.6321,1067.342
572665.22,914493.24,230403.4556,25.6283,1.4432,2.1637,0.3226,1.3392,96.4537,1101.613
573087.36,914502.54,230408.4507,26.1569,-0.0279,2.409,-3.5117,0.5758,95.3167,1137.87
573521.57,914535.36,230413.4458,26.3781,3.8597,2.484,-5.1889,2.077,86.0247,1178.077
573951.7,914616.42,230418.4409,26.4553,5.3491,0.6132,-2.7611,0.2675,87.4392,1201.344
574390.87,914702.0,230423.436,27.1191,4.0196,1.5291,1.265,0.1363,93.7346,1218.604
574836.67,914728.49,230428.4312,27.1295,-2.0024,0.8047,7.259,-4.651,116.1408,1236.157
575247.67,914604.55,230433.4263,22.0527,-12.7946,1.6035,8.706,-1.9521,137.7198,1259.276
575580.79,914352.71,230438.4214,19.4225,-17.0597,-0.1197,-0.2784,-1.0069,145.1634,1281.481
575893.91,914053.73,230443.4165,17.9205,-19.9144,-1.6803,2.3195,-1.9641,157.0182,1260.042
576168.64,913708.54,230448.4116,15.7546,-22.2147,-0.3725,0.2717,-0.7853,156.1789,1241.585
576420.57,913340.01,230453.4067,14.848,-23.0258,-2.1552,-0.6896,-1.4633,162.621,1230.706
576655.31,912946.33,230458.4018,13.3072,-25.5009,-1.5414,1.8231,-2.8518,163.3193,1194.925
576861.03,912503.71,230463.397,11.6349,-28.525,-0.0859,0.9891,-1.9464,165.2193,1183.409
577037.61,912020.52,230468.3921,8.3193,-30.3653,1.3609,10.8366,1.6947,167.8983,1197.979
577103.23,911512.9,230473.3872,-0.1255,-31.5565,1.8794,6.2693,0.47,183.2986,1219.519
577065.34,911002.16,230478.3823,-3.924,-30.7197,3.2705,0.076,1.3555,191.889,1264.629
577001.67,910501.13,230483.3774,-4.3525,-30.6817,-1.567,-1.0749,-1.7375,190.6058,1276.86
576961.14,909994.1,230488.3725,0.1846,-30.7521,-1.6669,-8.8473,1.155,186.3841,1244.9
577043.16,909505.39,230493.3677,10.5521,-27.8908,0.1184,-15.8101,3.0821,166.8814,1226.101
577328.69,909133.36,230498.3628,23.2599,-16.7022,0.3403,-21.4984,4.716,140.6427,1244.861
577770.37,908967.61,230503.3579,29.3281,-4.0423,-2.6456,-13.8496,0.5096,107.1733,1219.291
578249.82,908995.18,230508.353,28.0286,7.7879,-1.0032,-16.3887,3.976,82.5422,1197.15
578654.77,909219.96,230513.3481,21.5139,18.1223,-0.6723,-10.3629,0.4263,51.31,1181.106
578942.8,909570.44,230518.3432,12.1184,24.1962,-1.0534,-16.2821,1.8817,25.0866,1167.692
579033.03,909988.65,230523.3383,0.3305,25.9071,-1.5147,-10.7584,0.4513,358.3075,1146.467
578963.45,910402.11,230528.3335,-8.7061,24.5331,-0.3679,-10.9231,-1.6848,338.0658,1136.777
578770.23,910790.08,230533.3286,-12.7926,23.3558,0.2147,-1.6765,0.8642,331.7012,1129.51
578557.87,911164.18,230538.3237,-12.6216,22.1528,0.4393,-0.262,2.2727,327.938,1133.386
578355.65,911517.7,230543.3188,-12.4681,20.4439,1.2956,-6.1986,2.4854,327.8076,1150.284
578123.52,911812.17,230548.3139,-15.3103,15.2927,0.3423,-6.0543,3.1557,320.7461,1161.832
577864.61,912051.96,230553.309,-16.009,15.2354,0.1883,1.0442,-1.712,317.9017,1165.342
577602.77,912320.91,230558.3042,-16.7534,17.1003,-0.4225,-4.3637,-1.5941,318.8183,1155.755
577315.12,912611.63,230563.2993,-17.3066,18.8555,-0.6075,1.2343,-0.7987,323.4527,1146.168
577051.08,912943.36,230568.2944,-14.432,21.7859,0.8371,2.5314,-1.2697,326.2314,1148.106
576838.91,913315.49,230573.2895,-12.3868,22.8398,-1.1092,-2.3521,0.4042,326.8421,1142.207
576612.95,913681.12,230578.2846,-15.6817,21.5387,0.958,-4.2613,0.0823,318.0168,1131.898
576337.79,914022.11,230583.2797,-17.5,20.3417,0.6309,-2.8961,0.4705,317.0919,1144.381
576046.69,914338.0,230588.2749,-17.717,17.9596,0.1623,-4.3963,2.6896,314.1141,1154.979
575740.81,914601.61,230593.27,-19.6122,14.125,1.2201,-5.8874,1.5472,298.7568,1160.605
575399.83,914796.68,230598.2651,-21.1581,11.0221,1.2972,-1.1688,1.5767,296.3017,1186.042
575053.83,914970.77,230603.2602,-21.1237,9.3554,-0.1441,-5.2349,1.8579,286.9734,1188.831
574700.13,915064.41,230608.2553,-21.7965,1.7891,1.4512,-9.8073,1.7908,269.2616,1196.389
574352.2,915037.85,230613.2504,-20.6871,-3.9471,1.0921,-3.4383,1.4802,258.5725,1219.23
574015.79,914963.36,230618.2456,-20.6115,-4.2703,0.2163,0.7125,0.7002,260.1442,1232.25
573676.23,914907.8,230623.2407,-20.8674,-2.9465,0.3549,-1.2694,0.4279,264.0521,1235.424
573330.25,914853.85,230628.2358,-21.3396,-3.3249,-0.7183,-0.2538,0.0649,263.8488,1231.476
572978.98,914802.65,230633.2309,-21.431,-2.8865,-0.5673,-1.1337,0.6413,265.6847,1221.848
572619.21,914750.45,230638.226,-22.7293,-3.32,-1.1504,-1.1375,-1.5833,263.0941,1204.819
572232.65,914696.78,230643.2211,-24.2682,-3.1982,-0.8989,-1.7698,-0.5945,263.3881,1184.152
571836.33,914626.06,230648.2163,-24.294,-6.1921,-0.6787,-5.5093,-1.5734,256.8423,1168.549
571433.52,914492.04,230653.2114,-24.7567,-9.6809,0.704,-2.6612,-0.4412,249.0118,1172.268
571010.51,914337.71,230658.2065,-27.5455,-6.9278,0.5894,10.618,-0.6893,253.5833,1185.007
570546.52,914323.44,230663.2016,-28.2105,6.3971,-0.0518,16.7334,1.2756,275.1983,1192.114
570125.72,914549.07,230668.1967,-21.2143,21.0571,1.0034,19.8394,0.532,310.6528,1197.778
569895.91,914987.25,230673.1918,-5.815,30.6494,1.0262,19.7883,-0.0584,346.1846,1212.387
569944.37,915494.03,230678.1869,11.191,29.5236,2.1626,17.0577,0.0147,20.6118,1243.026
570238.21,915908.42,230683.1821,24.5053,19.2808,1.731,20.4147,-0.4205,54.5385,1272.365
570704.45,916085.36,230688.1772,30.561,0.9118,1.5806,23.4943,-2.7999,93.8841,1299.82
571177.46,915945.78,230693.1723,25.0661,-17.1255,1.4315,20.2343,-0.8409,126.9869,1323.429
571484.32,915573.76,230698.1674,11.6193,-27.0112,0.674,17.3298,-0.9059,163.1634,1344.597
571546.24,915116.99,230703.1625,-4.8412,-27.2884,-0.3148,18.4063,-1.4537,198.744,1342.264
571353.87,914718.21,230708.1576,-16.531,-21.9527,-1.0995,6.4675,-2.7373,222.8704,1333.712
571057.58,914364.98,230713.1527,-17.3288,-22.3407,0.3118,-10.2594,2.1328,225.7315,1322.917
570848.82,913963.77,230718.1478,-7.4207,-26.0941,0.8663,-15.1931,3.5917,204.848,1330.729
570833.25,913525.6,230723.143,5.5109,-26.6223,0.9879,-15.7742,1.1199,181.074,1348.121
571014.33,913106.69,230728.1381,16.4885,-23.3919,1.2409,-15.5999,2.2655,160.5111,1366.615
571363.69,912772.82,230733.1332,25.6021,-17.138,-0.353,-14.8936,-0.306,136.3794,1373.819
571839.87,912563.4,230738.1283,31.9946,-7.7694,-0.2452,-17.0274,-0.1054,115.5646,1364.755
572388.7,912532.38,230743.1234,33.9579,3.6869,-0.4529,-15.3075,1.5928,92.3735,1358.467
572926.01,912688.13,230748.1185,31.478,14.8225,-0.3776,-15.4897,0.0127,73.0804,1360.135
573393.32,913017.65,230753.1136,24.7956,25.0423,-0.3161,-18.7477,0.8948,50.7642,1359.454
573715.82,913494.68,230758.1087,14.5437,32.0279,-0.5452,-16.2935,2.2921,27.8237,1350.951
573843.2,914035.03,230763.1039,0.5922,33.3615,2.0883,-18.3965,2.0151,6.0742,1358.741
573730.6,914562.99,230768.099,-13.6061,30.0729,0.0068,-17.4198,0.1341,338.1059,1378.653
573422.52,914990.07,230773.0941,-22.9696,21.3028,1.503,-16.945,2.3996,315.768,1388.265
572997.03,915259.46,230778.0892,-28.4131,12.2795,-0.7398,-15.4105,-0.4854,295.5779,1392.54
572505.76,915372.12,230783.0843,-30.6566,2.7133,0.2949,-8.8231,0.3528,276.0602,1389.866
572000.35,915387.91,230788.0794,-31.1769,0.1615,-1.0505,-3.2381,-0.8882,270.8911,1382.724
571484.42,915375.79,230793.0745,-31.551,-1.5543,0.3309,-1.1069,0.0958,269.162,1371.589
570961.84,915355.0,230798.0697,-32.1692,-0.7525,0.1874,0.3855,-0.6197,268.7899,1375.272
570430.3,915347.8,230803.0648,-32.8736,0.2394,0.8967,-0.7914,-1.0788,271.3346,1385.182
569886.71,915355.56,230808.0599,-33.4676,1.1224,-0.0562,0.1448,-0.5228,271.9943,1389.734
569339.45,915339.68,230813.055,-32.9419,-5.5813,-0.2152,-16.3186,-0.3599,262.4947,1390.753
568832.59,915140.08,230818.0501,-27.6894,-18.5491,-0.6713,-18.8116,1.0617,238.9755,1378.954
568451.91,914745.11,230823.0453,-18.8701,-29.089,-1.3877,-16.4962,-1.8275,220.593,1361.737
568223.89,914205.13,230828.0404,-8.945,-35.9977,-0.4284,-14.3545,-1.9434,201.5743,1344.981
568155.1,913583.4,230833.0355,-0.2522,-39.1518,0.7013,-10.6709,-1.4377,186.721,1354.638
568208.26,912938.88,230838.0306,5.9281,-39.4322,1.0258,-7.1536,-1.8091,177.7405,1378.872
568339.49,912291.96,230843.0257,9.9685,-39.3618,0.7675,-6.0854,-1.4217,169.4801,1388.395
568534.42,911653.4,230848.0209,12.9787,-38.7994,0.3272,-4.7985,-1.035,169.09,1406.67
568763.5,911025.16,230853.016,14.4599,-38.1715,0.611,-0.823,-1.4604,164.6411,1414.183
569004.36,910399.76,230858.0111,14.2824,-38.1785,0.6537,0.7465,-0.9319,166.0781,1424.01
569225.45,909777.33,230863.0062,12.7005,-37.4675,3.1757,-0.9782,1.4461,167.3988,1445.902
569427.35,909169.95,230868.0013,11.6068,-37.3303,0.5478,-0.3349,-1.188,170.7268,1492.855
569610.82,908555.91,230872.9965,11.0156,-37.6511,0.1695,-1.5014,-1.2035,171.8767,1494.38
569799.73,907943.83,230877.9916,11.894,-36.6559,2.1603,-2.7023,1.3576,169.5621,1512.015
570006.55,907359.86,230882.9867,13.4056,-34.7905,2.0566,-2.7685,1.0571,168.3274,1548.725
570226.62,906791.43,230887.9818,13.0085,-34.7572,0.9136,-0.0893,0.0125,167.9532,1569.845
570435.59,906218.28,230892.9769,12.4128,-35.3598,1.7375,-1.5103,-0.7685,167.4819,1582.978
570648.93,905632.65,230897.9721,13.3528,-36.0336,0.7665,-2.0133,-0.0737,166.3011,1605.1
570882.78,905044.86,230902.9672,15.0806,-35.6669,1.2172,-2.8974,-0.6089,164.8867,1624.501
571142.07,904468.06,230907.9623,16.2413,-34.6783,1.6889,-3.2145,1.2265,161.6721,1650.453
571407.85,903900.33,230912.9574,15.8727,-35.2873,1.2396,-2.4578,-1.5965,163.2447,1675.792
571682.53,903321.39,230917.9525,17.1754,-35.2118,0.9544,-1.8204,0.4256,160.7073,1688.389
571964.18,902748.27,230922.9477,17.2828,-34.748,2.1589,-3.7709,0.3373,161.1594,1715.67
572265.61,902179.27,230927.9428,19.4283,-34.9345,-0.4168,-3.1389,-2.0914,159.0683,1727.718
572598.01,901603.3,230932.9379,20.7575,-35.3726,0.162,-2.595,-0.9239,158.0603,1724.3
572952.41,901027.42,230937.933,22.3285,-35.0086,1.9378,-3.437,-1.1012,154.8522,1739.368
573329.92,900451.46,230942.9282,23.5308,-35.3635,1.1954,-2.4861,-1.1433,152.2603,1761.225
573735.51,899872.41,230947.9233,25.9231,-35.6043,0.5881,-4.2036,-3.0084,147.7024,1781.269
574185.55,899297.6,230952.9184,28.3291,-34.8019,-0.8906,-2.9928,-1.7117,145.452,1777.01
574664.71,898731.23,230957.9135,29.7543,-34.5944,-0.5654,-1.3913,-1.612,145.6567,1767.781
575155.73,898172.98,230962.9086,29.7878,-33.9999,-0.0142,0.0967,-1.8166,142.5205,1757.116
575647.05,897608.21,230967.9038,29.8851,-35.0222,-0.3905,-1.269,-1.5753,144.1074,1757.386
576135.57,897035.61,230972.8989,29.4674,-35.1098,0.6441,-0.6069,-1.7027,142.7432,1756.638
576623.85,896463.98,230977.894,29.949,-34.9951,-1.8572,-1.3143,-2.5405,144.5397,1747.897
577119.63,895893.08,230982.8891,30.3514,-34.7098,-1.2246,-1.3582,-1.6324,142.9807,1721.385
577611.91,895325.11,230987.8842,29.4016,-34.9185,-1.2959,0.0049,-2.0179,143.5922,1692.532
578091.01,894741.61,230992.8794,28.5689,-36.3397,-0.3683,-0.8542,-2.1274,148.0834,1693.624
578555.92,894152.75,230997.8745,28.4268,-35.4149,-0.6398,-2.8175,-1.0237,147.2758,1687.654
579025.3,893580.88,231002.8696,28.4103,-34.7356,-1.0683,-0.9827,-0.9639,145.7475,1670.57
579483.32,893017.81,231007.8647,27.3714,-34.1849,-0.8231,-2.0583,-1.1622,146.2061,1656.056
579932.37,892466.92,231012.8598,27.0739,-33.4831,-0.6814,-1.5107,-1.621,146.0548,1642.344
580370.54,891923.68,231017.8549,26.2895,-32.9517,-0.4817,-1.1631,-0.8949,148.1994,1630.878
580795.34,891384.38,231022.8501,25.3623,-33.1868,-1.0289,-1.1655,-1.6627,146.8834,1614.493
581207.32,890848.08,231027.8452,24.624,-32.4965,-0.3421,-1.0378,-0.9054,149.4733,1612.467
581605.68,890313.75,231032.8403,23.7558,-33.0441,-1.9259,-2.3496,-1.3789,153.1419,1595.479
582004.22,889776.03,231037.8354,24.4971,-32.731,-0.9054,-1.4804,-0.4657,152.3999,1576.196
582394.58,889236.64,231042.8306,22.3513,-33.9274,-0.873,1.5322,-3.2025,149.3835,1563.554
582757.34,888676.82,231047.8257,21.9137,-34.2762,-0.977,-2.0319,-0.3032,153.3089,1550.747
583120.76,888124.04,231052.8208,22.1814,-33.6399,-1.0207,-2.2118,-1.0457,153.7919,1534.207
583487.19,887575.59,231057.8159,22.3711,-33.719,0.7371,-0.5127,-2.1145,152.1624,1528.838
583852.31,887017.57,231062.811,21.6191,-34.4685,0.3276,-0.355,-0.9815,154.4851,1543.377
584207.18,886453.67,231067.8062,21.3601,-34.7177,-0.9705,-0.3353,-1.8091,154.8877,1541.018
584555.05,885876.72,231072.8013,20.818,-35.8382,-1.341,-0.3674,-1.48,156.6315,1519.469
584895.75,885282.4,231077.7964,20.5719,-36.8229,-1.3731,-1.6474,-1.6712,158.6624,1502.831
