,,Temp,Hi,Low,Out,Dew,Wind,Wind,Wind,Hi,Hi,Wind,Heat,THW,THSW,,,Rain,Solar,Solar,Hi Solar,UV ,UV ,Hi ,Heat,Cool,In ,In,In ,In ,In ,In Air,,Wind,Wind,ISS ,Arc.
Date,Time,Out,Temp,Temp,Hum,Pt.,Speed,Dir,Run,Speed,Dir,Chill,Index,Index,Index,Bar  ,Rain,Rate,Rad.,Energy,Rad. ,Index,Dose,UV ,D-D ,D-D ,Temp,Hum,Dew,Heat,EMC,Density,ET ,Samp,Tx ,Recept,Int.
10/3/2023,12:04 PM,22,22,22,69,16,0.4,SSE,0.03,0.9,SE,22,22.2,22.2,---,30.155,0,0,677,0.97,677,5.1,0.04,5.1,0,0.003,37.2,34,18.7,39.4,6.37,0.0701,0,13,2,59.1,1
10/3/2023,12:05 PM,22.1,22.1,22,70,16.3,0.4,ESE,0.03,3.1,ESE,22.1,22.3,22.3,---,30.156,0,0,677,0.97,677,5.1,0.04,5.1,0,0.003,36.6,33,17.7,38.1,6.23,0.0703,0,23,2,100,1
10/3/2023,12:06 PM,22.1,22.1,22.1,70,16.4,0.9,SE,0.05,1.8,SE,22.1,22.4,22.4,---,30.159,0,0,679,0.97,679,5.1,0.04,5.1,0,0.003,36.1,36,18.6,38.1,6.71,0.0704,0,23,2,100,1
10/3/2023,12:07 PM,22.2,22.2,22.1,69,16.2,1.8,ESE,0.11,2.7,ESE,22.2,22.4,22.4,---,30.154,0,0,680,0.97,680,5.1,0.04,5.1,0,0.003,35.4,37,18.5,37.3,6.83,0.0705,0,23,2,100,1
10/3/2023,12:08 PM,22.2,22.2,22.2,70,16.4,1.3,ESE,0.08,2.7,ESE,22.2,22.5,22.5,---,30.158,0,0,680,0.97,680,5.1,0.04,5.1,0,0.003,34.8,35,17.1,35.7,6.56,0.0708,0,23,2,100,1
10/3/2023,12:09 PM,22.2,22.3,22.2,69,16.3,0.9,SE,0.05,1.8,ESE,22.2,22.5,22.5,---,30.159,0,0,682,0.98,682,5.1,0.04,5.1,0,0.003,34.5,36,17.3,35.4,6.77,0.0708,0,23,2,100,1
10/3/2023,12:10 PM,22.3,22.3,22.3,69,16.4,1.3,ESE,0.08,1.8,ESE,22.3,22.7,22.7,---,30.159,0,0,682,0.98,682,5.1,0.04,5.1,0,0.003,34.4,37,17.6,35.6,6.87,0.0708,0,22,2,100,1
10/3/2023,12:11 PM,22.3,22.3,22.3,70,16.6,0.4,SE,0.03,0.9,E,22.3,22.7,22.7,---,30.161,0,0,682,0.98,682,5.1,0.04,5.1,0,0.003,34.5,37,17.7,35.7,6.87,0.0708,0,23,2,100,1
10/3/2023,12:12 PM,22.4,22.4,22.3,69,16.4,0.4,SE,0.03,1.3,SE,22.4,22.7,22.7,---,30.16,0,0,682,0.98,682,5.1,0.04,5.1,0,0.003,34.7,39,18.7,36.5,7.16,0.0707,0,23,2,100,1
10/3/2023,12:13 PM,22.4,22.4,22.4,68,16.2,1.8,ESE,0.11,3.1,ESE,22.4,22.8,22.8,---,30.155,0,0,684,0.98,684,5.1,0.04,5.1,0,0.003,34.9,38,18.5,36.7,7.05,0.0706,0,23,2,100,1
10/3/2023,12:14 PM,22.5,22.5,22.4,69,16.5,0.9,SE,0.05,1.3,SE,22.5,22.9,22.9,---,30.156,0,0,684,0.98,684,5.1,0.04,5.1,0,0.003,35.2,35,17.4,36.3,6.54,0.0707,0,23,2,100,1
10/3/2023,12:15 PM,22.6,22.6,22.5,69,16.6,0.4,ESE,0.03,1.8,ESE,22.6,22.9,22.9,---,30.162,0,0,686,0.98,686,5.1,0.04,5.1,0,0.003,35.5,37,18.6,37.4,6.83,0.0705,0,23,2,100,1
10/3/2023,12:16 PM,22.6,22.6,22.6,68,16.4,1.3,SE,0.08,2.7,ESE,22.6,22.9,22.9,---,30.164,0,0,687,0.98,687,5.1,0.04,5.1,0,0.003,35.8,37,18.8,37.9,6.82,0.0704,0,23,2,100,1
10/3/2023,12:17 PM,22.6,22.6,22.6,67,16.2,0.9,ESE,0.05,1.8,ESE,22.6,22.9,22.9,---,30.157,0,0,686,0.98,686,5.2,0.04,5.2,0,0.003,36.1,37,19.1,38.4,6.81,0.0703,0,22,2,100,1
10/3/2023,12:18 PM,22.6,22.6,22.6,68,16.4,0.4,SE,0.03,0.4,SE,22.6,23,23,---,30.16,0,0,687,0.98,687,5.2,0.04,5.2,0,0.003,36.3,35,18.4,38.1,6.5,0.0703,0,23,2,100,1
10/3/2023,12:19 PM,22.7,22.7,22.6,68,16.5,0,SE,0,0.4,SE,22.7,23.1,23.1,---,30.154,0,0,687,0.98,687,5.2,0.04,5.2,0,0.003,36.6,37,19.5,39.3,6.79,0.0702,0,23,2,100,1
10/3/2023,12:20 PM,22.7,22.7,22.7,69,16.7,0.9,ESE,0.05,1.3,ESE,22.7,23.2,23.2,---,30.155,0,0,687,0.98,687,5.2,0.04,5.2,0,0.003,36.8,36,19.3,39.5,6.68,0.0701,0,23,2,100,1
10/3/2023,12:21 PM,22.8,22.8,22.7,68,16.6,0.4,SE,0.03,1.8,SSE,22.8,23.2,23.2,---,30.156,0,0,687,0.98,687,5.2,0.04,5.2,0,0.003,37.1,35,19.1,39.6,6.47,0.0701,0,23,2,100,1
10/3/2023,12:22 PM,22.8,22.8,22.7,68,16.6,0.4,SSE,0.03,0.9,S,22.8,23.2,23.2,---,30.156,0,0,687,0.98,687,5.2,0.04,5.2,0,0.003,37.3,36,19.8,40.4,6.67,0.07,0,23,2,100,1
10/3/2023,12:23 PM,22.9,22.9,22.8,68,16.7,0,SSW,0,1.3,SSW,22.9,23.3,23.3,---,30.156,0,0,687,0.98,687,5.2,0.04,5.2,0,0.003,37.6,36,20,41,6.66,0.0699,0,23,2,100,1
10/3/2023,12:24 PM,22.9,22.9,22.9,68,16.7,1.3,SSW,0.08,1.8,S,22.9,23.4,23.4,---,30.158,0,0,687,0.98,687,5.2,0.04,5.2,0,0.003,37.8,35,19.7,41,6.45,0.0699,0,22,2,100,1
10/3/2023,12:25 PM,23,23,22.9,68,16.8,1.3,ESE,0.08,1.3,ESE,23,23.5,23.5,---,30.158,0,0,689,0.99,689,5.2,0.04,5.2,0,0.003,38.1,35,19.9,41.4,6.45,0.0698,0,23,2,100,1
10/3/2023,12:26 PM,23,23,22.9,68,16.8,0.9,ESE,0.05,1.3,ESE,23,23.5,23.5,---,30.156,0,0,689,0.99,689,5.2,0.04,5.2,0,0.003,38.3,34,19.7,41.5,6.31,0.0698,0,22,2,100,1
10/3/2023,12:27 PM,23.1,23.1,23,66,16.4,0,---,0,0,---,23.1,23.5,23.5,---,30.154,0,0,687,0.98,687,5.2,0.04,5.2,0,0.003,38.5,34,19.9,41.9,6.3,0.0697,0,23,2,100,1
10/3/2023,12:28 PM,23.1,23.1,23,68,16.9,0.4,ESE,0.03,1.3,ESE,23.1,23.6,23.6,---,30.154,0,0,689,0.99,689,5.2,0.04,5.2,0,0.003,38.7,34,20,42.3,6.29,0.0696,0,23,2,100,1
10/3/2023,12:29 PM,23.1,23.1,23.1,67,16.6,1.3,SE,0.08,1.8,ESE,23.1,23.6,23.6,---,30.155,0,0,691,0.99,691,5.3,0.04,5.3,0,0.003,38.8,33,19.7,42.2,6.11,0.0696,0,23,2,100,1
10/3/2023,12:30 PM,23.2,23.2,23.1,67,16.7,1.3,ESE,0.08,1.8,SE,23.2,23.7,23.7,---,30.154,0,0,693,0.99,693,5.3,0.04,5.3,0,0.003,39.1,31,18.8,41.7,5.8,0.0697,0,23,2,100,1
10/3/2023,12:31 PM,23.2,23.2,23.2,66,16.5,0.9,ESE,0.05,1.8,E,23.2,23.6,23.6,---,30.152,0,0,693,0.99,693,5.3,0.04,5.3,0,0.003,39.2,32,19.5,42.4,5.95,0.0696,0,22,2,100,1
10/3/2023,12:32 PM,23.2,23.2,23.2,66,16.5,0.4,ESE,0.03,0.9,SE,23.2,23.7,23.7,---,30.151,0,0,691,0.99,691,5.3,0.04,5.3,0,0.003,39.3,32,19.5,42.6,5.94,0.0695,0,23,2,100,1
10/3/2023,12:33 PM,23.2,23.2,23.2,66,16.5,0.9,ESE,0.05,1.3,ESE,23.2,23.7,23.7,---,30.152,0,0,693,0.99,693,5.3,0.04,5.3,0,0.003,39.4,32,19.6,42.8,5.93,0.0695,0,23,2,100,1
10/3/2023,12:34 PM,23.2,23.2,23.2,66,16.5,1.3,ESE,0.08,2.2,ESE,23.2,23.7,23.7,---,30.151,0,0,693,0.99,693,5.3,0.04,5.3,0,0.003,39.4,32,19.7,42.9,5.93,0.0695,0,23,2,100,1
10/3/2023,12:35 PM,23.2,23.3,23.2,66,16.5,0.9,SE,0.05,1.8,SE,23.2,23.7,23.7,---,30.148,0,0,693,0.99,693,5.3,0.04,5.3,0,0.003,39.5,31,19.2,42.6,5.79,0.0695,0,23,2,100,1
10/3/2023,12:36 PM,23.3,23.3,23.3,67,16.9,0.4,SE,0.03,1.3,ESE,23.3,23.8,23.8,---,30.151,0,0,692,0.99,693,5.3,0.04,5.3,0,0.003,39.6,32,19.8,43.3,5.92,0.0694,0,23,2,100,1
10/3/2023,12:37 PM,23.3,23.3,23.3,67,16.8,0.4,SE,0.03,0.9,SE,23.3,23.8,23.8,---,30.149,0,0,693,0.99,693,5.3,0.04,5.3,0,0.003,39.7,32,19.9,43.4,5.91,0.0694,0,23,2,100,1
10/3/2023,12:38 PM,23.3,23.3,23.3,66,16.6,0,---,0,0,---,23.3,23.8,23.8,---,30.148,0,0,693,0.99,693,5.3,0.04,5.3,0,0.003,39.7,32,19.9,43.5,5.91,0.0694,0,22,2,100,1
10/3/2023,12:39 PM,23.4,23.4,23.3,69,17.4,0.4,ESE,0.03,1.3,SE,23.4,24,24,---,30.148,0,0,693,0.99,693,5.3,0.04,5.3,0,0.004,39.8,32,20,43.6,5.91,0.0694,0,23,2,100,1
10/3/2023,12:40 PM,23.4,23.4,23.4,67,17,0.9,ESE,0.05,1.3,ESE,23.4,23.9,23.9,---,30.147,0,0,693,0.99,693,5.3,0.04,5.3,0,0.004,39.9,31,19.6,43.4,5.77,0.0694,0,23,2,100,1
10/3/2023,12:41 PM,23.4,23.4,23.4,66,16.7,0.9,ESE,0.05,1.8,ESE,23.4,23.9,23.9,---,30.15,0,0,693,0.99,693,5.3,0.04,5.3,0,0.004,40,31,19.7,43.6,5.77,0.0694,0,23,2,100,1
10/3/2023,12:42 PM,23.5,23.6,23.4,66,16.8,0.9,SE,0.05,1.8,ESE,23.5,24,24,---,30.151,0,0,693,0.99,693,5.3,0.04,5.3,0,0.004,40.1,31,19.8,43.8,5.77,0.0693,0,23,2,100,1
10/3/2023,12:43 PM,23.6,23.6,23.5,67,17.1,0,S,0,0.4,S,23.6,24.1,24.1,---,30.15,0,0,693,0.99,693,5.3,0.04,5.3,0,0.004,40.2,31,19.8,43.9,5.76,0.0693,0,23,2,100,1
10/3/2023,12:44 PM,23.6,23.6,23.6,67,17.1,1.3,ESE,0.08,2.7,ESE,23.6,24.1,24.1,---,30.148,0,0,691,0.99,691,5.3,0.04,5.3,0,0.004,40.3,31,19.9,44.1,5.76,0.0693,0,23,2,100,1
10/3/2023,12:45 PM,23.6,23.6,23.6,67,17.1,1.3,ESE,0.08,1.8,ESE,23.6,24.2,24.2,---,30.152,0,0,694,0.99,694,5.3,0.04,5.3,0,0.004,40.3,30,19.4,43.7,5.66,0.0693,0,22,2,100,1
10/3/2023,12:46 PM,23.6,23.6,23.6,66,16.9,0,---,0,0,---,23.6,24.1,24.1,---,30.153,0,0,693,0.99,693,5.3,0.04,5.3,0,0.004,40.4,30,19.5,43.8,5.66,0.0693,0,23,2,100,1
10/3/2023,12:47 PM,23.7,23.7,23.6,66,16.9,0,---,0,0,---,23.7,24.2,24.2,---,30.15,0,0,693,0.99,693,5.3,0.04,5.3,0,0.004,40.4,31,20,44.4,5.75,0.0692,0,23,2,100,1
10/3/2023,12:48 PM,23.7,23.7,23.7,65,16.7,0.4,ESE,0.03,1.8,ESE,23.7,24.2,24.2,---,30.15,0,0,693,0.99,693,5.3,0.04,5.3,0,0.004,40.4,31,20,44.4,5.75,0.0692,0,23,2,100,1
10/3/2023,12:49 PM,23.8,23.8,23.7,66,17,0,---,0,0,---,23.8,24.3,24.3,---,30.151,0,0,693,0.99,693,5.3,0.04,5.3,0,0.004,40.6,30,19.7,44.3,5.65,0.0692,0,23,2,100,1
10/3/2023,12:50 PM,23.8,23.8,23.8,66,17.1,0,---,0,0,---,23.8,24.3,24.3,---,30.152,0,0,694,0.99,694,5.3,0.04,5.3,0,0.004,40.7,30,19.7,44.4,5.64,0.0692,0,23,2,100,1
10/3/2023,12:51 PM,23.8,23.8,23.8,66,17.1,0,---,0,0,---,23.8,24.3,24.3,---,30.151,0,0,693,0.99,693,5.3,0.04,5.3,0,0.004,40.7,30,19.8,44.5,5.64,0.0692,0,23,2,100,1
10/3/2023,12:52 PM,23.9,23.9,23.9,67,17.4,0.4,ESE,0.03,0.9,ESE,23.9,24.5,24.5,---,30.153,0,0,694,0.99,694,5.4,0.04,5.4,0,0.004,40.9,30,19.9,44.9,5.63,0.0691,0,22,2,100,1
10/3/2023,12:53 PM,24,24,23.9,67,17.5,0.4,ESE,0.03,0.9,ESE,24,24.6,24.6,---,30.15,0,0,694,0.99,694,5.4,0.04,5.4,0,0.004,41.1,30,20,45.2,5.61,0.0691,0,23,2,100,1
10/3/2023,12:54 PM,24.1,24.1,24,65,17.1,0,---,0,0,---,24.1,24.5,24.5,---,30.15,0,0,694,0.99,694,5.4,0.04,5.4,0,0.004,41.2,30,20.1,45.4,5.61,0.0691,0,23,2,100,1
10/3/2023,12:55 PM,24.1,24.1,24.1,66,17.4,0,---,0,0,---,24.1,24.6,24.6,---,30.147,0,0,694,0.99,694,5.4,0.04,5.4,0,0.004,41.2,30,20.2,45.6,5.6,0.069,0,23,2,100,1
10/3/2023,12:56 PM,24.2,24.2,24.1,66,17.4,0.9,ESE,0.05,1.8,E,24.2,24.7,24.7,---,30.148,0,0,694,0.99,694,5.4,0.04,5.4,0,0.004,41.3,30,20.2,45.7,5.6,0.069,0,23,2,100,1
10/3/2023,12:57 PM,24.2,24.2,24.2,67,17.7,0.9,E,0.05,1.3,E,24.2,24.8,24.8,---,30.149,0,0,694,0.99,694,5.4,0.04,5.4,0,0.004,41.3,29,19.7,45.3,5.42,0.0691,0,23,2,100,1
10/3/2023,12:58 PM,24.3,24.3,24.2,66,17.5,0.9,SE,0.05,1.8,E,24.3,24.8,24.8,---,30.146,0,0,694,0.99,694,5.3,0.04,5.3,0,0.004,41.4,29,19.8,45.5,5.42,0.069,0,23,2,100,1
10/3/2023,12:59 PM,24.3,24.3,24.3,65,17.3,0.9,SE,0.05,1.8,SE,24.3,24.8,24.8,---,30.149,0,0,694,0.99,694,5.3,0.04,5.3,0,0.004,41.4,29,19.8,45.5,5.42,0.069,0,22,2,100,1
10/3/2023,1:00 PM,24.3,24.3,24.3,64,17.1,0.4,SSE,0.03,1.8,SE,24.3,24.8,24.8,---,30.146,0,0,694,0.99,694,5.3,0.04,5.3,0,0.004,41.4,29,19.8,45.4,5.42,0.069,0.019,23,2,100,1
10/3/2023,1:01 PM,24.3,24.3,24.3,65,17.3,0.9,ESE,0.05,1.8,SE,24.3,24.8,24.8,---,30.146,0,0,693,0.99,693,5.3,0.04,5.3,0,0.004,41.3,29,19.7,45.3,5.42,0.069,0,23,2,100,1
10/3/2023,1:02 PM,24.4,24.4,24.3,66,17.6,0.9,ESE,0.05,1.3,E,24.4,24.9,24.9,---,30.146,0,0,694,0.99,694,5.3,0.04,5.3,0,0.004,41.3,29,19.7,45.3,5.42,0.069,0,23,2,100,1
10/3/2023,1:03 PM,24.4,24.4,24.4,68,18.2,0.9,E,0.05,1.3,E,24.4,25.1,25.1,---,30.149,0,0,693,0.99,693,5.3,0.04,5.3,0,0.004,41.3,29,19.7,45.2,5.42,0.0691,0,23,2,100,1
10/3/2023,1:04 PM,24.4,24.4,24.4,67,17.9,0.9,SE,0.05,1.3,SSE,24.4,25.1,25.1,---,30.144,0,0,694,0.99,694,5.3,0.04,5.3,0,0.004,41.2,30,20.2,45.6,5.6,0.069,0,23,2,100,1
10/3/2023,1:05 PM,24.5,24.5,24.4,65,17.5,1.3,ESE,0.08,1.8,SE,24.5,25,25,---,30.145,0,0,691,0.99,691,5.3,0.04,5.3,0,0.004,41.2,30,20.2,45.6,5.6,0.069,0,23,2,100,1
10/3/2023,1:06 PM,24.6,24.6,24.5,65,17.5,0.9,ESE,0.05,1.3,ESE,24.6,25.1,25.1,---,30.146,0,0,691,0.99,691,5.3,0.04,5.3,0,0.004,41.2,30,20.1,45.4,5.61,0.069,0,22,2,100,1
10/3/2023,1:07 PM,24.6,24.6,24.6,65,17.5,1.3,SE,0.08,2.2,SE,24.6,25.1,25.1,---,30.147,0,0,691,0.99,691,5.3,0.04,5.3,0,0.004,41.2,30,20.1,45.4,5.61,0.069,0,23,2,100,1
10/3/2023,1:08 PM,24.6,24.6,24.6,63,17,0.4,SW,0.03,0.9,SE,24.6,25,25,---,30.147,0,0,691,0.99,691,5.3,0.04,5.3,0,0.004,41.1,29,19.5,44.8,5.43,0.0691,0,23,2,100,1
10/3/2023,1:09 PM,24.6,24.6,24.6,64,17.3,1.8,SE,0.11,3.1,SE,24.6,25.1,25.1,---,30.144,0,0,691,0.99,691,5.3,0.04,5.3,0,0.004,41.1,29,19.5,44.7,5.43,0.0691,0,23,2,100,1
10/3/2023,1:10 PM,24.5,24.6,24.5,64,17.2,0.9,SSE,0.05,2.2,SSE,24.5,24.9,24.9,---,30.146,0,0,689,0.99,689,5.3,0.04,5.3,0,0.004,41,29,19.4,44.6,5.43,0.0691,0,23,2,100,1
10/3/2023,1:11 PM,24.5,24.6,24.5,66,17.7,0.9,ESE,0.05,1.8,SE,24.5,25.1,25.1,---,30.145,0,0,688,0.99,689,5.3,0.04,5.3,0,0.004,40.9,29,19.4,44.5,5.44,0.0692,0,23,2,100,1
10/3/2023,1:12 PM,24.6,24.6,24.6,66,17.8,1.3,ESE,0.08,1.8,E,24.6,25.1,25.1,---,30.142,0,0,689,0.99,689,5.3,0.04,5.3,0,0.004,40.9,30,19.9,44.9,5.63,0.0691,0,23,2,100,1
10/3/2023,1:13 PM,24.6,24.6,24.5,65,17.5,0.9,ESE,0.05,1.8,ESE,24.6,25.1,25.1,---,30.144,0,0,687,0.98,687,5.2,0.04,5.2,0,0.004,40.8,30,19.8,44.8,5.63,0.0691,0,22,2,100,1
10/3/2023,1:14 PM,24.6,24.6,24.6,65,17.5,0,ESE,0,0.4,ESE,24.6,25.1,25.1,---,30.144,0,0,687,0.98,687,5.2,0.04,5.2,0,0.004,40.8,29,19.3,44.2,5.44,0.0692,0,23,2,100,1
10/3/2023,1:15 PM,24.6,24.6,24.6,67,18.1,0,---,0,0,---,24.6,25.3,25.3,---,30.144,0,0,689,0.99,689,5.2,0.04,5.2,0,0.004,40.8,30,19.8,44.6,5.63,0.0692,0,23,2,100,1
10/3/2023,1:16 PM,24.6,24.6,24.6,67,18.1,0.9,ESE,0.05,1.8,SE,24.6,25.3,25.3,---,30.143,0,0,687,0.98,687,5.3,0.04,5.3,0,0.004,40.8,30,19.8,44.6,5.63,0.0692,0,23,2,100,1
10/3/2023,1:17 PM,24.7,24.7,24.7,66,17.9,1.3,ESE,0.08,1.3,SE,24.7,25.3,25.3,---,30.145,0,0,687,0.98,687,5.2,0.04,5.2,0,0.004,40.8,30,19.8,44.8,5.63,0.0691,0,23,2,100,1
10/3/2023,1:18 PM,24.7,24.7,24.7,64,17.5,0.9,SE,0.05,1.3,SE,24.7,25.2,25.2,---,30.143,0,0,687,0.98,687,5.2,0.04,5.2,0,0.004,40.8,30,19.8,44.8,5.63,0.0691,0,23,2,100,1
10/3/2023,1:19 PM,24.7,24.7,24.7,64,17.5,0.9,SE,0.05,1.3,SE,24.7,25.2,25.2,---,30.143,0,0,684,0.98,684,5.2,0.04,5.2,0,0.004,40.8,30,19.8,44.8,5.63,0.0691,0,23,2,100,1
10/3/2023,1:20 PM,24.7,24.8,24.7,64,17.5,0.4,ESE,0.03,1.3,ESE,24.7,25.2,25.2,---,30.142,0,0,682,0.98,682,5.2,0.04,5.2,0,0.004,40.8,30,19.8,44.8,5.63,0.0691,0,22,2,100,1
10/3/2023,1:21 PM,24.8,24.8,24.7,64,17.5,0.4,SE,0.03,0.9,SE,24.8,25.3,25.3,---,30.143,0,0,684,0.98,684,5.2,0.04,5.2,0,0.004,40.8,30,19.8,44.8,5.63,0.0691,0,23,2,100,1
10/3/2023,1:22 PM,24.8,24.8,24.8,63,17.3,0,SE,0,0.4,SE,24.8,25.2,25.2,---,30.142,0,0,684,0.98,684,5.2,0.04,5.2,0,0.004,40.8,30,19.8,44.8,5.63,0.0691,0,23,2,100,1
10/3/2023,1:23 PM,24.8,24.8,24.8,65,17.8,0,SSE,0,0.4,SSE,24.8,25.4,25.4,---,30.139,0,0,684,0.98,684,5.2,0.04,5.2,0,0.005,40.8,30,19.8,44.8,5.63,0.0691,0,23,2,100,1
10/3/2023,1:24 PM,24.8,24.8,24.8,64,17.6,0,NNE,0,0.9,NNE,24.8,25.3,25.3,---,30.14,0,0,682,0.98,682,5.2,0.04,5.2,0,0.005,40.8,30,19.8,44.8,5.63,0.0691,0,23,2,100,1
10/3/2023,1:25 PM,24.9,24.9,24.8,64,17.6,0.4,E,0.03,0.9,E,24.9,25.4,25.4,---,30.14,0,0,681,0.98,682,5.2,0.04,5.2,0,0.005,40.9,30,19.9,44.9,5.63,0.0691,0,23,2,100,1
10/3/2023,1:26 PM,24.9,24.9,24.8,65,17.9,0,NW,0,0.9,NW,24.9,25.6,25.6,---,30.141,0,0,680,0.97,680,5.2,0.04,5.2,0,0.005,40.9,30,19.9,44.9,5.63,0.0691,0,23,2,100,1
10/3/2023,1:27 PM,24.9,24.9,24.9,63,17.4,0.4,N,0.03,0.9,NNW,24.9,25.4,25.4,---,30.141,0,0,679,0.97,679,5.2,0.04,5.2,0,0.005,40.9,30,19.9,45,5.62,0.0691,0,23,2,100,1
10/3/2023,1:28 PM,24.9,24.9,24.9,63,17.4,0.4,E,0.03,1.3,E,24.9,25.4,25.4,---,30.137,0,0,680,0.97,680,5.2,0.04,5.2,0,0.005,41,29,19.4,44.6,5.43,0.0691,0,22,2,100,1
10/3/2023,1:29 PM,25.1,25.1,25,64,17.8,0.4,ESE,0.03,1.3,ESE,25.1,25.6,25.6,---,30.137,0,0,679,0.97,679,5.2,0.04,5.2,0,0.005,41.1,29,19.5,44.7,5.43,0.0691,0,23,2,100,1
10/3/2023,1:30 PM,25.1,25.1,25.1,65,18,1.3,ESE,0.08,2.7,ESE,25.1,25.7,25.7,---,30.137,0,0,679,0.97,679,5.2,0.04,5.2,0,0.005,41.2,30,20.1,45.4,5.61,0.069,0,23,2,100,1
10/3/2023,1:31 PM,25.1,25.1,25.1,64,17.8,1.3,ESE,0.08,2.2,SE,25.1,25.6,25.6,---,30.136,0,0,677,0.97,677,5.1,0.04,5.1,0,0.005,41.2,30,20.2,45.6,5.6,0.069,0,23,2,100,1
10/3/2023,1:32 PM,25.1,25.1,25.1,64,17.8,1.8,ESE,0.11,3.1,ESE,25.1,25.7,25.7,---,30.137,0,0,677,0.97,677,5.1,0.04,5.1,0,0.005,41.2,30,20.1,45.4,5.61,0.069,0,23,2,100,1
10/3/2023,1:33 PM,25.1,25.1,25.1,66,18.3,0.4,ESE,0.03,1.3,ESE,25.1,25.8,25.8,---,30.133,0,0,675,0.97,675,5.1,0.04,5.1,0,0.005,41.1,29,19.5,44.8,5.43,0.0691,0,23,2,100,1
10/3/2023,1:34 PM,25.2,25.2,25.1,65,18.1,0,ESE,0,0.9,ESE,25.2,25.8,25.8,---,30.135,0,0,673,0.96,673,5.1,0.04,5.1,0,0.005,41,29,19.4,44.6,5.43,0.0691,0,23,2,100,1
10/3/2023,1:35 PM,25.2,25.2,25.2,66,18.4,0.4,ESE,0.03,0.9,SSE,25.2,25.9,25.9,---,30.14,0,0,675,0.97,675,5.1,0.04,5.1,0,0.005,40.9,30,19.9,45,5.62,0.0691,0,22,2,100,1
10/3/2023,1:36 PM,25.2,25.2,25.2,64,17.9,0.4,SSE,0.03,0.9,SSE,25.2,25.8,25.8,---,30.134,0,0,673,0.96,673,5.1,0.04,5.1,0,0.005,40.9,30,19.9,44.9,5.63,0.0691,0,23,2,100,1
10/3/2023,1:37 PM,25.2,25.2,25.2,63,17.7,0,---,0,0,---,25.2,25.7,25.7,---,30.138,0,0,673,0.96,673,5.1,0.04,5.1,0,0.005,40.8,30,19.8,44.8,5.63,0.0691,0,23,2,100,1
10/3/2023,1:38 PM,25.3,25.3,25.2,63,17.7,0,SE,0,0.9,SE,25.3,25.8,25.8,---,30.135,0,0,671,0.96,671,5.1,0.04,5.1,0,0.005,40.9,30,19.9,44.9,5.63,0.0691,0,23,2,100,1
10/3/2023,1:39 PM,25.3,25.3,25.3,63,17.8,0.4,ESE,0.03,0.9,ESE,25.3,25.9,25.9,---,30.136,0,0,671,0.96,671,5.1,0.04,5.1,0,0.005,40.8,30,19.8,44.8,5.63,0.0691,0,23,2,100,1
10/3/2023,1:40 PM,25.3,25.3,25.3,64,18,0.4,ESE,0.03,1.3,ESE,25.3,25.9,25.9,---,30.135,0,0,668,0.96,668,5.1,0.04,5.1,0,0.005,40.9,30,19.9,44.9,5.63,0.0691,0,23,2,100,1
10/3/2023,1:41 PM,25.3,25.4,25.3,63,17.8,0,ENE,0,0.4,ENE,25.3,25.9,25.9,---,30.135,0,0,668,0.96,668,5.1,0.04,5.1,0,0.005,40.8,29,19.3,44.3,5.44,0.0692,0,23,2,100,1
10/3/2023,1:42 PM,25.4,25.4,25.3,63,17.8,0,SSW,0,0.4,SSW,25.4,25.9,25.9,---,30.137,0,0,668,0.96,668,5,0.04,5,0,0.005,40.9,30,19.9,45,5.62,0.0691,0,22,2,100,1
10/3/2023,1:43 PM,25.4,25.4,25.4,64,18.1,0.4,SSW,0.03,1.3,SSW,25.4,26.1,26.1,---,30.138,0,0,666,0.95,666,5,0.04,5,0,0.005,40.9,30,19.9,45,5.62,0.0691,0,23,2,100,1
10/3/2023,1:44 PM,25.4,25.5,25.4,63,17.9,0,---,0,0,---,25.4,26,26,---,30.134,0,0,664,0.95,664,5,0.04,5,0,0.005,40.9,30,19.9,45,5.62,0.0691,0,23,2,100,1
10/3/2023,1:45 PM,25.5,25.5,25.4,64,18.2,0,---,0,0,---,25.5,26.2,26.2,---,30.136,0,0,664,0.95,664,5,0.04,5,0,0.005,40.9,30,19.9,45,5.62,0.0691,0,23,2,100,1
10/3/2023,1:46 PM,25.6,25.6,25.5,64,18.2,0.4,ENE,0.03,0.9,E,25.6,26.2,26.2,---,30.137,0,0,663,0.95,663,5,0.04,5,0,0.005,41,30,20,45.1,5.62,0.0691,0,23,2,100,1
10/3/2023,1:47 PM,25.6,25.6,25.6,62,17.8,0,---,0,0,---,25.6,26.2,26.2,---,30.134,0,0,661,0.95,661,5,0.04,5,0,0.005,41.1,30,20,45.2,5.61,0.069,0,23,2,100,1
10/3/2023,1:48 PM,25.7,25.7,25.6,64,18.3,0,---,0,0,---,25.7,26.4,26.4,---,30.135,0,0,661,0.95,661,5,0.04,5,0,0.005,41.1,30,20.1,45.3,5.61,0.069,0,23,2,100,1
10/3/2023,1:49 PM,25.7,25.7,25.7,62,17.8,0.4,N,0.03,0.4,N,25.7,26.2,26.2,---,30.136,0,0,657,0.94,657,5,0.04,5,0,0.005,41.1,30,20.1,45.3,5.61,0.069,0,22,2,100,1
10/3/2023,1:50 PM,25.7,25.7,25.7,63,18.1,0,ESE,0,0.4,E,25.7,26.3,26.3,---,30.132,0,0,657,0.94,657,4.9,0.04,4.9,0,0.005,41.1,30,20.1,45.3,5.61,0.069,0,23,2,100,1
10/3/2023,1:51 PM,25.8,25.8,25.7,62,17.9,0,ESE,0,0.9,ESE,25.8,26.4,26.4,---,30.129,0,0,656,0.94,656,4.9,0.04,4.9,0,0.005,41.2,30,20.1,45.4,5.61,0.069,0,23,2,100,1
10/3/2023,1:52 PM,25.8,25.8,25.8,65,18.7,0,ESE,0,0.4,ESE,25.8,26.6,26.6,---,30.133,0,0,654,0.94,654,4.9,0.04,4.9,0,0.005,41.3,29,19.7,45.2,5.42,0.069,0,23,2,100,1
10/3/2023,1:53 PM,25.8,25.8,25.8,64,18.5,0,---,0,0,---,25.8,26.6,26.6,---,30.131,0,0,654,0.94,654,4.9,0.04,4.9,0,0.005,41.3,30,20.2,45.7,5.6,0.069,0,23,2,100,1
10/3/2023,1:54 PM,25.9,25.9,25.8,66,19.1,0.4,ESE,0.03,1.8,ESE,25.9,26.9,26.9,---,30.132,0,0,652,0.93,652,4.9,0.04,4.9,0,0.005,41.3,30,20.2,45.7,5.6,0.069,0,23,2,100,1
10/3/2023,1:55 PM,26,26,25.9,65,18.9,0.9,ENE,0.05,1.3,ENE,26,26.9,26.9,---,30.132,0,0,652,0.93,652,4.9,0.04,4.9,0,0.005,41.3,30,20.2,45.7,5.6,0.069,0,23,2,100,1
10/3/2023,1:56 PM,26,26,26,62,18.2,0.9,ENE,0.05,1.8,ENE,26,26.7,26.7,---,30.131,0,0,649,0.93,649,4.9,0.04,4.9,0,0.005,41.3,30,20.3,45.8,5.59,0.069,0,22,2,100,1
10/3/2023,1:57 PM,26.1,26.1,26,64,18.7,0.9,ESE,0.05,1.3,ESE,26.1,26.9,26.9,---,30.132,0,0,647,0.93,647,4.9,0.04,4.9,0,0.005,41.3,30,20.3,45.8,5.59,0.069,0,23,2,100,1
10/3/2023,1:58 PM,26.1,26.1,26.1,62,18.2,0,ENE,0,0.9,ENE,26.1,26.7,26.7,---,30.131,0,0,647,0.93,647,4.8,0.03,4.8,0,0.005,41.3,30,20.2,45.7,5.6,0.069,0,23,2,100,1
10/3/2023,1:59 PM,26.1,26.1,26.1,62,18.3,0.4,ENE,0.03,0.4,ENE,26.1,26.8,26.8,---,30.129,0,0,649,0.93,649,4.8,0.03,4.8,0,0.005,41.2,30,20.2,45.6,5.6,0.069,0,23,2,100,1
10/3/2023,2:00 PM,26.1,26.1,26.1,63,18.5,0.4,ENE,0.03,1.3,ENE,26.1,26.9,26.9,---,30.131,0,0,648,0.93,649,4.8,0.03,4.8,0,0.005,41.2,29,19.6,44.9,5.43,0.0691,0.019,23,2,100,1
10/3/2023,2:01 PM,26.1,26.1,26.1,63,18.5,0.9,E,0.05,1.8,E,26.1,26.9,26.9,---,30.127,0,0,645,0.92,645,4.8,0.03,4.8,0,0.005,41.2,29,19.6,44.9,5.43,0.0691,0,23,2,100,1
10/3/2023,2:02 PM,26.1,26.1,26.1,62,18.3,1.8,ESE,0.11,3.1,SE,26.1,26.8,26.8,---,30.128,0,0,645,0.92,645,4.8,0.03,4.8,0,0.005,41.2,30,20.1,45.4,5.61,0.069,0,23,2,100,1
10/3/2023,2:03 PM,26.1,26.1,26.1,62,18.3,0.9,SE,0.05,1.8,SE,26.1,26.8,26.8,---,30.129,0,0,643,0.92,643,4.8,0.03,4.8,0,0.005,41.1,30,20,45.2,5.61,0.069,0,22,2,100,1
10/3/2023,2:04 PM,26.1,26.1,26.1,62,18.3,0,SE,0,0.4,SE,26.1,26.8,26.8,---,30.129,0,0,642,0.92,642,4.8,0.03,4.8,0,0.005,40.8,30,19.8,44.8,5.63,0.0691,0,23,2,100,1
10/3/2023,2:05 PM,26.1,26.1,26.1,64,18.8,0,ESE,0,0.4,ESE,26.1,26.9,26.9,---,30.129,0,0,642,0.92,642,4.8,0.03,4.8,0,0.005,40.7,30,19.8,44.5,5.64,0.0691,0,23,2,100,1
10/3/2023,2:06 PM,26.2,26.2,26.1,62,18.3,1.3,SE,0.08,1.8,SE,26.2,26.9,26.9,---,30.13,0,0,638,0.91,638,4.7,0.03,4.7,0,0.005,40.7,30,19.7,44.4,5.64,0.0692,0,23,2,100,1
10/3/2023,2:07 PM,26.2,26.2,26.1,62,18.3,0.4,ESE,0.03,1.3,ESE,26.2,26.9,26.9,---,30.131,0,0,639,0.92,640,4.7,0.03,4.7,0,0.005,40.6,30,19.7,44.3,5.65,0.0692,0,23,2,100,1
10/3/2023,2:08 PM,26.2,26.2,26.1,62,18.3,0.9,ESE,0.05,1.3,ESE,26.2,26.9,26.9,---,30.133,0,0,636,0.91,636,4.7,0.03,4.7,0,0.005,40.5,30,19.6,44.1,5.65,0.0692,0,23,2,100,1
10/3/2023,2:09 PM,26.2,26.2,26.1,61,18.1,0,---,0,0,---,26.2,26.8,26.8,---,30.13,0,0,635,0.91,635,4.7,0.03,4.7,0,0.005,40.4,30,19.5,43.9,5.65,0.0692,0,23,2,100,1
10/3/2023,2:10 PM,26.2,26.2,26.1,62,18.3,0,---,0,0,---,26.2,26.9,26.9,---,30.132,0,0,633,0.91,633,4.7,0.03,4.7,0,0.005,40.4,30,19.5,43.8,5.66,0.0692,0,22,2,100,1
10/3/2023,2:11 PM,26.2,26.2,26.2,63,18.6,0.9,ESE,0.05,1.3,SE,26.2,27.1,27.1,---,30.129,0,0,631,0.9,631,4.7,0.03,4.7,0,0.005,40.3,31,19.9,44.2,5.76,0.0692,0,23,2,100,1
10/3/2023,2:12 PM,26.2,26.2,26.2,63,18.6,0.9,E,0.05,1.8,E,26.2,26.9,26.9,---,30.128,0,0,629,0.9,629,4.6,0.03,4.6,0,0.005,40.3,31,19.9,44.2,5.76,0.0692,0,23,2,100,1
10/3/2023,2:13 PM,26.2,26.2,26.2,62,18.4,1.3,ESE,0.08,1.8,ESE,26.2,26.9,26.9,---,30.13,0,0,628,0.9,628,4.6,0.03,4.6,0,0.005,40,30,19.1,43.1,5.67,0.0694,0,23,2,100,1
10/3/2023,2:14 PM,26.2,26.2,26.2,62,18.4,0.9,ESE,0.05,1.3,ESE,26.2,26.9,26.9,---,30.124,0,0,626,0.9,626,4.6,0.03,4.6,0,0.005,39.8,31,19.5,43.2,5.78,0.0694,0,23,2,100,1
10/3/2023,2:15 PM,26.2,26.3,26.2,61,18.1,0.4,SE,0.03,0.9,SE,26.2,26.8,26.8,---,30.122,0,0,624,0.89,624,4.6,0.03,4.6,0,0.005,39.3,31,19.1,42.3,5.79,0.0695,0,23,2,100,1
10/3/2023,2:16 PM,26.2,26.2,26.2,61,18.1,0,ENE,0,0.9,ENE,26.2,26.8,26.8,---,30.126,0,0,622,0.89,622,4.6,0.03,4.6,0,0.005,38.8,31,18.7,41.3,5.81,0.0697,0,23,2,100,1
10/3/2023,2:17 PM,26.2,26.2,26.2,63,18.6,1.3,E,0.08,1.8,E,26.2,27.1,27.1,---,30.122,0,0,621,0.89,621,4.5,0.03,4.5,0,0.005,38.3,32,18.7,40.7,6.01,0.0698,0,22,2,100,1
10/3/2023,2:18 PM,26.3,26.3,26.2,64,18.9,1.3,SE,0.08,1.8,E,26.3,27.2,27.2,---,30.119,0,0,621,0.89,621,4.5,0.03,4.5,0,0.006,37.8,34,19.2,40.5,6.35,0.0698,0,23,2,100,1
10/3/2023,2:19 PM,26.3,26.3,26.2,62,18.4,0.9,ESE,0.05,0.9,SE,26.3,27,27,---,30.118,0,0,617,0.88,617,4.5,0.03,4.5,0,0.006,37.3,34,18.8,39.6,6.37,0.07,0,23,2,100,1
10/3/2023,2:20 PM,26.3,26.3,26.3,63,18.7,0.4,SE,0.03,0.9,SE,26.3,27.1,27.1,---,30.118,0,0,619,0.89,619,4.5,0.03,4.5,0,0.006,36.8,35,18.8,39.1,6.49,0.0701,0,23,2,100,1
10/3/2023,2:21 PM,26.3,26.3,26.3,63,18.7,0,ENE,0,0.4,ENE,26.3,27.2,27.2,---,30.115,0,0,617,0.88,619,4.5,0.03,4.5,0,0.006,36.3,36,18.9,38.6,6.7,0.0702,0,22,2,100,1
10/3/2023,2:22 PM,26.4,26.4,26.3,65,19.3,0.4,ENE,0.03,0.9,ENE,26.4,27.4,27.4,---,30.118,0,0,613,0.88,613,4.5,0.03,4.5,0,0.006,35.9,36,18.5,37.9,6.72,0.0703,0,23,2,100,1
