1,560572.7901,905350.5740,585.7411,215
2,560568.0681,905354.1614,570.5532,215
3,560569.1113,905353.0633,570.5489,215
4,560568.2430,905354.1716,546.4724,215
5,560569.4489,905353.3420,546.4454,215
6,560566.8862,905354.8286,522.5021,215
7,560568.1221,905353.8656,522.4964,215
8,559489.5939,903885.7412,543.0114,215
9,559484.0419,903890.5541,530.5650,215
10,559484.4921,903890.5383,518.5272,215
11,559497.2531,903879.6877,524.5885,215
12,560046.9431,904548.4417,533.5093,215
13,560041.8953,904553.4937,520.9552,215
14,560041.9460,904553.4704,509.0292,215
15,560054.6230,904542.5264,515.1930,215
16,560558.8972,905162.3862,536.2749,215
17,560553.5290,905166.8197,523.8912,215
18,560553.5363,905166.7695,511.8317,215
19,560566.1119,905155.8514,517.9535,215
20,561046.3456,905747.9468,576.9140,215
21,561041.4789,905752.9876,564.4281,215
22,561041.2714,905752.6589,552.4101,215
23,561054.4318,905742.4696,558.4942,215
24,561452.8252,906236.5691,641.0829,215
25,561447.4988,906241.0277,628.5343,215
26,561447.4036,906240.7931,616.4295,215
27,561460.1847,906230.5020,622.8469,215
28,561844.2871,906705.5860,723.7199,215
29,561838.8783,906710.0977,711.1684,215
30,561838.6439,906709.7031,699.1838,215
31,561851.9837,906699.7363,705.2512,215
32,562283.1693,907231.8798,698.2732,215
33,562277.4425,907236.0749,685.6682,215
34,562277.4216,907236.0295,673.7820,215
35,562289.8996,907225.3706,679.6812,215
36,562696.7892,907728.8738,698.5866,215
37,562691.6658,907733.7120,686.0390,215
38,562691.6986,907733.6527,673.8987,215
39,562704.2549,907723.0783,680.1309,215
40,563112.5610,908228.4320,694.2218,215
41,563106.5473,908232.0912,681.6490,215
42,563106.4039,908231.7734,669.5775,215
43,563119.7761,908221.8846,675.8565,215
44,563687.1450,908917.7658,735.2944,215
45,563681.9823,908922.3377,722.5491,215
46,563681.9841,908922.3194,710.7285,215
47,563694.9451,908912.2928,716.9124,215
48,564745.7130,910188.2275,742.2230,215
49,564740.5929,910192.5007,729.6503,215
50,564740.4190,910192.3552,717.6710,215
51,564752.7179,910182.4373,723.8290,215
52,565130.5748,910649.9440,751.2005,215
53,565123.8027,910652.8615,738.4772,215
54,565124.1106,910653.2726,726.5956,215
55,565137.5277,910643.6934,732.7269,215
56,565515.9212,911112.8613,800.3875,215
57,565510.4654,911117.2499,787.7827,215
58,565504.5528,911109.9789,774.3050,215
59,565523.3195,911107.0404,781.9254,215
60,565973.0592,911662.1125,855.4101,215
61,565968.0104,911667.0068,842.7445,215
62,565970.7416,911670.1841,830.5814,215
63,565980.1181,911655.4582,836.8707,215
64,566429.6383,912211.3913,880.9950,215
65,566424.4884,912215.6202,868.5539,215
66,566424.6303,912215.6652,856.5112,215
67,566436.6630,912205.0629,862.6426,215
68,567283.1490,913237.2609,878.1768,215
69,567277.8496,913241.4263,865.7689,215
70,567277.9399,913241.4162,853.8053,215
71,567290.6608,913231.6272,859.8085,215
72,567713.2604,913753.5366,817.7755,215
73,567707.4704,913757.5609,805.3056,215
74,567707.7291,913757.7463,793.2281,215
75,567721.1118,913748.0048,799.4309,215
76,568195.4199,914332.4582,716.8920,215
77,568189.9916,914336.6020,704.3886,215
78,568190.1276,914336.6925,692.4498,215
79,568203.2872,914327.1242,698.4542,215
80,568894.0715,915182.5366,548.5022,215
81,568895.0239,915183.6378,536.3033,215
82,568906.2464,915173.5254,542.4758,215
83,569294.9702,915653.8101,565.2424,215
84,569288.5728,915657.1354,552.6044,215
85,569288.3446,915656.7509,540.7768,215
86,569302.3481,915647.7028,546.9075,215
87,569820.9309,916285.7521,562.0924,215
88,569814.7671,916288.3140,549.5673,215
89,569815.3587,916289.1205,537.4919,215
90,569826.1873,916278.2526,543.6775,215
91,570830.1419,917747.0567,721.9855,215
92,570823.1979,917748.5535,709.5974,215
93,570823.7692,917749.7449,697.3674,215
94,570838.4566,917742.7505,703.5598,215
95,571100.8763,918286.6092,734.2044,215
96,571094.8400,918290.0557,721.5701,215
97,571094.8072,918289.9994,709.6041,215
98,571108.8705,918281.4067,715.7142,215
99,571434.8099,918950.7715,731.6085,215
100,571428.5255,918953.9801,719.1103,215
101,571428.3895,918953.7605,707.0297,215
102,571442.7601,918945.8216,713.0990,215
103,571724.9452,919529.6348,745.2646,215
104,571718.8546,919532.7855,732.6915,215
105,571718.7977,919532.6129,720.6721,215
106,571733.4073,919525.4073,726.8219,215
107,572116.0122,921001.8352,683.3750,215
108,572109.3761,921001.7910,671.0619,215
109,572109.2605,921001.0259,658.9138,215
110,572125.2934,921001.5647,665.0562,215
111,572145.4188,921732.8628,703.8741,215
112,572138.3500,921733.1963,691.3393,215
113,572138.2684,921732.9755,679.4441,215
114,572155.0015,921731.9547,685.5455,215
115,572174.8820,922479.7773,723.0404,215
116,572167.7224,922479.8334,710.5644,215
117,572167.6689,922479.7110,698.6504,215
118,572184.3769,922478.1184,704.5646,215
119,572204.4385,923226.5257,708.6920,215
120,572197.4090,923226.3518,695.9620,215
121,572197.4284,923226.1635,684.2178,215
122,572214.0218,923225.7363,690.3364,215
123,572232.8946,923955.7970,663.0553,215
124,572225.9227,923955.9703,650.5415,215
125,572226.0069,923956.1692,638.4556,215
126,572242.6748,923956.0954,644.5940,215
127,572260.9317,924667.4693,601.5108,215
128,572254.3104,924667.5537,588.9314,215
129,572254.2988,924667.1152,576.9562,215
130,572270.2923,924667.0138,583.2166,215
131,572322.2295,926207.6370,608.0043,215
132,572315.3796,926206.7845,595.4275,215
133,572315.6127,926214.6855,583.6314,215
134,572331.2324,926207.0456,589.4581,215
135,572340.3434,926698.4296,652.2579,215
136,572333.2554,926698.3116,639.6594,215
137,572333.1562,926694.5087,627.1110,215
138,572349.6605,926698.9091,633.7735,215
139,572372.0241,927549.1250,697.8085,215
140,572365.3589,927549.3888,685.4854,215
141,572365.3512,927547.1722,672.5848,215
142,572381.4596,927548.9473,679.5101,215
143,572424.6825,928930.8542,697.8366,215
144,572418.0755,928931.9021,685.3338,215
145,572418.1100,928931.9767,673.4308,215
146,572433.8726,928931.7214,679.4554,215
147,572452.7616,929668.7839,687.9894,215
148,572445.7724,929668.9234,675.4221,215
149,572445.8592,929669.5575,663.5393,215
150,572462.4404,929669.1269,669.5316,215
151,572472.3240,930170.5308,650.5471,215
152,572465.2039,930170.6587,638.0139,215
153,572465.1756,930170.6774,626.4395,215
154,572481.6106,930169.9715,632.0185,215
155,572503.1305,930984.3270,578.0371,215
156,572496.3145,930984.8773,565.4830,215
157,572496.3363,930984.8454,553.5775,215
158,572512.5504,930984.3930,559.6263,215
159,572625.2498,934183.9118,542.1364,215
160,572618.5883,934184.4195,529.5583,215
161,572618.6831,934187.1751,517.4853,215
162,572634.6865,934184.0896,523.5437,215
163,572652.9877,934908.8646,543.9926,215
164,572646.3065,934908.6870,531.6671,215
165,572646.2427,934908.6967,519.5110,215
166,572662.3351,934908.5993,525.4909,215
167,572844.8416,936378.0642,516.6707,215
168,572838.2179,936379.1629,503.9462,215
169,572838.1581,936378.9701,492.0553,215
170,572854.2447,936376.5722,498.2048,215
171,572990.6029,937067.0401,491.3321,215
172,572984.0952,937068.5656,478.9948,215
173,572983.8545,937067.2992,466.9403,215
174,572999.5992,937064.2260,473.0472,215
175,573445.9647,939219.8860,477.3240,215
176,573439.2825,939220.9374,464.9598,215
177,573439.3013,939220.8059,452.8880,215
178,573455.2629,939218.3154,458.9715,215
179,573575.5593,939829.2717,456.9377,215
180,573568.6927,939830.9065,444.4872,215
181,573568.7806,939831.0888,432.4358,215
182,573585.0847,939828.9070,438.5493,215
183,573730.4874,940563.3621,438.4711,215
184,573723.7098,940564.9736,425.8896,215
185,573723.6967,940565.1004,413.9979,215
186,573740.0786,940561.9993,419.9442,215
187,573898.6340,941359.8070,443.1397,215
188,573891.8956,941361.7889,430.6083,215
189,573891.9103,941361.0915,418.5314,215
190,573908.2536,941358.2084,424.7502,215
191,574046.0955,942055.3313,428.8217,215
192,574039.1171,942056.5224,416.3220,215
193,574039.2171,942056.3037,404.2459,215
194,574055.3725,942052.4735,410.4383,215
195,574193.0173,942751.3024,450.0086,215
196,574186.2095,942753.0122,437.4423,215
197,574186.1039,942752.3571,425.5014,215
198,574202.6000,942749.7378,431.6688,215
199,574372.7164,943602.6662,479.4680,215
200,574365.9527,943603.4494,467.1782,215
201,574366.1322,943603.7520,455.0830,215
202,574381.9079,943599.8987,461.1101,215
203,574482.6195,944883.6213,437.4109,215
204,574475.6350,944883.1565,424.8232,215
205,574475.5511,944883.3549,412.8292,215
206,574491.2244,944883.5897,419.1100,215
207,574439.2230,945505.0766,410.4849,215
208,574432.0497,945505.9175,398.0234,215
209,574432.0189,945505.4307,386.0166,215
210,574448.6472,945506.1181,392.2152,215
211,574380.0966,946346.7032,416.4233,215
212,574373.0975,946346.1804,403.9649,215
213,574373.0149,946346.0494,392.0018,215
214,574389.6867,946347.2412,397.9398,215
215,574334.9354,946996.8250,421.3679,215
216,574328.1643,946996.5966,408.9652,215
217,574328.1432,946996.4720,396.9861,215
218,574344.2954,946998.2239,403.1028,215
219,574234.3237,948455.8505,479.3229,215
220,574227.6751,948456.0740,466.6444,215
221,574227.6683,948456.4521,454.6693,215
222,574243.3286,948456.2912,460.9121,215
223,574203.2676,948913.7101,515.1160,215
224,574196.4027,948913.4363,502.7637,215
225,574196.3713,948913.2050,490.7367,215
226,574212.4844,948914.2190,496.7290,215
227,574063.3025,950953.5893,418.4843,215
228,574056.6774,950952.8850,405.9481,215
229,574056.5555,950953.2231,393.8821,215
230,574072.5193,950953.4521,400.1192,215
231,574008.5543,951751.2995,418.7075,215
232,574001.8636,951750.9973,406.1421,215
233,574001.8770,951750.9804,394.0947,215
234,574017.8605,951751.4582,400.1864,215
235,574129.7609,953179.8360,412.2014,215
236,574123.4499,953181.0091,399.7681,215
237,574123.1475,953180.6478,387.7476,215
238,574138.8458,953177.0112,393.5633,215
239,574340.9929,953986.8749,422.4674,215
240,574334.2598,953989.4977,409.8349,215
241,574334.0195,953989.0357,397.9436,215
242,574350.2670,953984.8366,404.0186,215
243,574552.1322,954793.0427,433.8129,215
244,574545.3277,954795.1627,421.1730,215
245,574545.5292,954795.5000,409.6592,215
246,574561.5643,954791.0848,415.4470,215
247,574748.5384,955543.6005,439.9992,215
248,574741.5054,955544.5347,427.4586,215
249,574741.7391,955545.4796,415.4304,215
250,574758.0325,955541.7569,421.4799,215
251,574947.4124,956300.6650,446.5541,215
252,574940.6729,956302.7854,433.9430,215
253,574940.6873,956302.9391,422.1254,215
254,574956.8984,956298.8151,428.1393,215
255,575129.0961,956995.6967,485.5225,215
256,575122.3737,956997.3638,472.7925,215
257,575122.4477,956997.7422,460.9662,215
258,575138.7438,956994.0097,467.0796,215
259,575329.8667,957760.2699,468.8230,215
260,575323.3442,957762.0953,456.1962,215
261,575323.4821,957762.6175,444.2035,215
262,575338.8089,957757.7608,450.3023,215
263,572767.5321,934918.6106,632.7878,215
264,574683.3331,944279.1433,503.8664,215
265,575734.5932,958850.2796,559.0074,215
266,575529.8791,959058.8233,560.0951,215
267,574653.0191,944280.8095,503.7220,215
268,575700.9850,958840.9037,558.6173,215
269,575508.2839,959036.3925,560.0329,215
270,575222.5249,959300.2514,560.5857,215
271,572570.0541,932904.4372,506.0747,215
272,572576.8962,932904.3485,530.5862,215
273,572570.1432,932904.1579,518.1853,215
274,572586.0845,932904.5052,512.1704,215
275,558965.6885,901696.3349,608.9179,215
276,558968.1629,901690.4995,599.9780,215
277,558961.7908,901703.0961,599.8339,215
278,558959.2721,901704.0381,592.1627,215
279,558968.2316,901688.1872,592.1030,215
280,558967.9511,901690.2201,583.6190,215
281,558960.7380,901702.7364,583.9730,215
282,558705.9942,901532.7189,623.0657,215
283,558708.3291,901523.6764,611.4509,215
284,558706.3746,901542.7673,611.2993,215
285,558706.4449,901546.0467,603.3884,215
286,558708.6186,901520.5998,603.4690,215
287,558708.2997,901523.4301,595.5636,215
288,558706.4723,901542.9218,595.4676,215
289,558475.5690,901620.7595,601.0915,215
290,558469.9901,901613.3764,588.9383,215
291,558479.0388,901631.9263,589.2104,215
292,558481.5157,901634.3977,581.5984,215
293,558468.6568,901610.6751,580.9793,215
294,558469.7447,901613.3789,573.0245,215
295,558479.8968,901631.7897,573.1954,215
296,558412.5631,901840.0692,591.9174,215
297,558406.4020,901838.3259,584.2039,215
298,558418.4086,901840.7187,583.8382,215
299,558420.0567,901842.3323,575.7045,215
300,558404.4971,901837.2207,576.0933,215
301,558406.4824,901837.5692,568.1234,215
302,558418.3823,901841.4912,567.8018,215
303,558309.3794,902184.4677,589.9895,215
304,558306.8402,902183.7768,582.1363,215
305,558318.0845,902190.1242,576.5029,215
306,558317.9437,902190.3090,569.4985,215
307,558306.6183,902183.5990,575.4672,215
308,558306.6026,902183.2184,568.4022,215
309,558317.9190,902190.1093,562.7151,215
310,558199.3159,902330.9103,598.2693,215
311,558184.1520,902325.3085,590.1067,215
312,558198.2296,902330.2901,592.5700,215
313,558197.9753,902330.3824,585.5251,215
314,558184.1355,902325.5739,583.1081,215
315,558183.9164,902325.6574,576.0777,215
316,558197.8658,902330.2879,578.5465,215
317,556388.6555,901920.6574,755.0547,215
318,556387.4046,901923.2952,765.0986,215
319,556388.5344,901920.5342,775.1683,215
320,556397.4145,901903.4015,775.1730,215
321,556399.3589,901901.0817,765.0298,215
322,556397.5276,901903.4762,755.1603,215
323,557044.5963,902266.1566,605.6663,215
324,557040.6819,902267.3547,616.2187,215
325,557044.1702,902265.9934,625.7326,215
326,557053.4568,902248.6809,625.7607,215
327,557054.8985,902246.2092,615.7444,215
328,557052.3043,902248.1162,605.8738,215
329,557590.7033,903633.0536,641.2004,215
330,557587.7136,903628.0304,633.1531,215
331,557573.7197,903624.3328,632.7442,215
332,557574.0123,903623.6582,624.1447,215
333,557828.5443,902858.4945,594.1660,215
334,557824.1895,902857.0470,586.4713,215
335,557810.2895,902853.1699,586.6154,215
336,557810.0807,902853.5647,577.4142,215
337,557938.1671,902457.2375,627.6585,215
338,557937.3173,902459.5852,620.7365,215
339,557981.0326,902320.4549,644.9953,215
340,557981.1968,902320.0593,638.5087,215
341,557981.0730,902320.4678,628.5836,215
342,557980.9084,902321.2298,618.6585,215
343,557941.0418,902446.8263,614.4814,215
344,557941.2189,902447.0965,622.4946,215
345,557939.5158,902451.8704,628.9680,215
346,557940.0335,902477.3964,609.6059,215
347,557948.8978,902464.8501,611.1897,215
348,558499.3662,901111.3345,716.5105,215
349,558506.4439,901111.9906,699.9561,215
350,558506.4360,901112.2714,676.3727,215
351,558504.9385,901112.1376,652.3584,215
352,558369.9403,901232.1245,658.0588,215
353,558367.8111,901232.6792,651.2488,215
354,558364.8432,901231.1219,640.6820,215
355,558367.8234,901232.2068,631.2235,215
356,558044.9345,901140.1940,641.8134,215
357,558046.7016,901138.2746,636.7796,215
358,558044.8101,901142.7578,630.8815,215
359,558047.4062,901139.0710,624.7280,215
360,558217.2007,901251.9041,618.5753,215
361,558216.9486,901252.2357,612.9913,215
362,558216.8091,901252.4775,605.8153,215
363,558216.9492,901252.8475,598.9119,215
364,558105.4545,901440.2837,617.7700,215
365,558109.3363,901439.4727,612.7141,215
366,558105.3425,901436.7167,606.6654,215
367,558109.2641,901439.7138,600.6388,215
368,557961.8465,901682.7005,643.6076,215
369,557963.6208,901683.3766,635.3089,215
370,557963.5030,901683.8720,628.3354,215
371,557964.2569,901683.4178,621.5200,215
372,557891.5665,901911.5762,642.7302,215
373,557893.9656,901913.4771,637.0930,215
374,557889.0531,901911.1181,631.5384,215
375,557893.1359,901912.4140,625.1347,215
376,557817.3081,902136.8520,618.0136,215
377,557819.5754,902138.4246,613.0703,215
378,557815.0554,902136.4437,607.3572,215
379,557819.2843,902138.1708,601.0916,215
380,558555.1788,901357.6154,669.6869,215
381,558555.3092,901357.4101,645.6010,215
382,558555.1742,901357.5535,620.9200,215
383,558556.4070,901373.3887,685.6585,215
384,558569.5214,901470.1621,609.6171,215
385,558545.0957,901472.1586,607.6730,215
386,558593.5650,901467.9282,612.4872,215
387,558577.0090,901778.7511,664.4873,215
388,558575.8584,901776.1348,642.3431,215
389,558575.0226,901776.0757,616.8368,215
390,558575.8992,901810.3972,621.1237,215
391,558575.7337,901810.8164,646.3868,215
392,558575.3983,901811.5140,671.2310,215
393,558575.9771,901797.8207,686.1899,215
394,558576.1863,901790.7575,685.7461,215
395,558602.3518,901553.9585,607.5865,215
396,558603.9966,901544.6569,628.2476,215
397,558553.1588,901569.6720,605.5013,215
398,558243.1348,901588.1443,619.4778,215
399,558251.8835,901576.8888,610.9901,215
400,558249.2129,901575.1861,620.1431,215
401,558253.0307,901577.9622,631.1500,215
402,558269.5572,901589.6702,636.4738,215
403,558246.2634,901589.7185,630.0229,215
404,558249.4587,901588.0931,637.5049,215
405,558252.2858,901582.3892,637.9260,215
406,558245.9367,901589.0050,610.2206,215
407,558078.6175,901893.6864,612.7666,215
408,558074.5420,901887.1291,601.3231,215
409,558064.6934,901881.1042,601.0618,215
410,558053.4483,901878.0584,600.8563,215
411,558042.5640,901882.4705,612.8255,215
412,558115.2326,901903.6186,612.6516,215
413,558263.8813,901594.2526,637.4429,215
414,558111.1745,901896.4330,601.3488,215
415,558264.4298,901599.0142,610.5888,215
416,558266.4911,901600.4635,619.9112,215
417,558100.0516,901893.1738,601.6646,215
418,558263.5751,901598.7602,630.2742,215
419,558088.5216,901890.2474,601.8949,215
420,558390.5503,901555.7850,627.0929,215
421,558387.6760,901549.6066,598.9090,215
422,558274.7340,901589.4712,609.9812,215
423,558386.8184,901538.4510,599.6330,215
424,558276.3720,901590.4234,619.5276,215
425,558385.8484,901526.8072,599.7208,215
426,558273.4843,901588.6763,629.2976,215
427,558060.7775,901953.8777,613.0880,215
428,558019.9027,902090.6023,654.2165,215
429,558021.2091,902087.1178,646.0877,215
430,558020.7618,902087.1063,636.4592,215
431,558020.3759,902085.4682,626.3983,215
432,558024.5742,901943.6535,613.1464,215
433,558030.7577,901953.2461,602.7126,215
434,558041.6721,901955.9648,603.3738,215
435,558052.3745,901959.3749,604.1576,215
436,558054.9973,902108.1433,622.8930,215
437,558055.4612,902108.4912,632.7265,215
438,558055.7783,902108.1189,642.3651,215
439,558054.6832,902112.7929,650.7325,215
440,558067.3058,901963.7922,602.0280,215
441,558078.2107,901966.9352,602.7849,215
442,558089.0799,901969.6911,603.6059,215
443,558097.3975,901964.6302,613.1340,215
444,558092.0515,902125.3974,646.0359,215
445,558093.7860,902121.6686,637.6424,215
446,558093.3674,902121.1977,628.0463,215
447,558092.9624,902120.5603,618.3503,215
448,558116.8158,901969.4777,612.8989,215
449,558153.0696,901980.3090,613.0229,215
450,558121.7865,901980.3752,601.8824,215
451,558132.7599,901982.9128,602.4188,215
452,558143.7218,901985.4657,602.7686,215
453,558158.0343,901993.3003,600.5642,215
454,558131.3848,902129.4671,615.8081,215
455,558131.3113,902130.7057,627.6198,215
456,558131.4293,902131.2328,639.3706,215
457,558130.5064,902135.6003,653.7373,215
458,558168.5384,901996.3206,601.4579,215
459,558178.9277,901999.7997,602.2395,215
460,558189.6465,901990.8920,612.9630,215
461,558093.6606,902136.8624,619.4957,215
462,558093.5673,902136.2229,629.3160,215
463,558093.5274,902135.7724,639.2420,215
464,558092.5094,902132.2761,646.4732,215
465,558115.0964,902203.6507,649.8731,215
466,558113.7290,902199.1345,642.1204,215
467,558113.8457,902199.2544,632.2096,215
468,558114.0289,902199.5204,622.5461,215
469,558056.4088,902124.0695,624.2858,215
470,558056.3991,902124.1036,634.1796,215
471,558056.2102,902123.6974,643.9821,215
472,558055.2370,902120.6982,651.0645,215
473,558073.4661,902188.5781,652.8403,215
474,558072.5385,902185.3588,645.6086,215
475,558072.9171,902185.6237,635.9900,215
476,558072.8004,902185.3227,626.0302,215
477,558129.7207,902149.7696,618.3633,215
478,558130.3822,902149.1975,629.8605,215
479,558130.9148,902149.1426,641.3605,215
480,558129.3593,902144.3663,654.1030,215
481,558162.8461,902313.4552,618.2635,215
482,558156.9475,902322.2884,625.4682,215
483,558141.9096,902322.6256,625.6384,215
484,558142.5229,902328.6866,625.2264,215
485,558148.5935,902315.3771,617.6460,215
486,558134.4768,902316.2193,616.9498,215
487,558114.1866,902214.1043,621.5833,215
488,558114.2069,902214.4626,631.2347,215
489,558114.3408,902214.3505,641.0041,215
490,558115.3217,902210.6611,649.1455,215
491,558060.4712,902450.0234,574.2876,215
492,558037.0889,902441.0486,574.8866,215
493,558050.7778,902416.4524,564.9533,215
494,558057.2147,902415.8469,566.3675,215
495,558062.7257,902418.7647,567.0755,215
496,558020.5492,902437.2334,574.3995,215
497,558073.9723,902196.1322,652.5317,215
498,558072.9242,902200.4987,643.8295,215
499,558072.6625,902200.6676,633.9615,215
500,558072.5371,902200.3673,624.3995,215
501,557996.1176,902430.7346,574.0828,215
502,558019.1469,902394.7803,565.2267,215
503,558013.1362,902394.8538,562.9320,215
504,558024.5496,902397.9381,565.5828,215
505,557911.7984,902861.2290,623.7501,215
506,557914.2266,902861.8882,611.0086,215
507,557907.3254,902874.4497,625.2836,215
508,557908.1388,902875.6475,599.4421,215
509,558034.1224,902516.7842,562.1149,215
510,558027.1669,902516.2742,561.8471,215
511,558021.4722,902511.6269,561.9265,215
512,557910.0832,902875.8278,612.3851,215
513,557912.8563,902860.6718,598.1095,215
514,557911.5346,902870.9555,638.8326,215
515,557883.6019,902865.0704,638.6925,215
516,557885.9927,902867.3062,625.1862,215
517,557882.7459,902867.6783,612.3094,215
518,557884.7847,902867.5297,599.3534,215
519,557889.0494,902853.5878,597.9352,215
520,557886.8922,902853.5402,610.9831,215
521,557889.7627,902854.5648,623.7804,215
522,557994.9714,902502.7060,561.6155,215
523,557988.3205,902501.3363,562.3335,215
524,557981.4988,902499.4727,562.0078,215
525,558160.1696,902509.5937,626.0884,215
526,558160.5854,902516.0657,625.1035,215
527,558157.4183,902326.9641,625.2562,215
528,558175.1347,902508.5678,626.0412,215
529,558135.6722,902336.9785,617.3239,215
530,558151.8676,902502.9911,618.2263,215
531,558150.5830,902334.4683,617.3320,215
532,558166.8510,902502.1552,617.9713,215
533,558182.0789,902500.8570,618.3651,215
534,558165.6668,902332.7054,617.6480,215
535,558161.6290,902677.8961,563.1595,215
536,558175.8118,902514.3633,625.4071,215
537,558195.7951,902694.9321,562.9966,215
538,558189.6367,902684.9827,552.6774,215
539,558183.3087,902519.0272,614.5988,215
540,558178.7248,902680.3841,552.4357,215
541,558168.3473,902520.3879,614.2833,215
542,558167.7871,902674.3162,552.8646,215
543,558153.4247,902520.9489,614.4833,215
544,558699.4437,900529.4604,745.8785,215
545,558705.4911,900527.9528,730.1330,215
546,558704.9372,900530.8739,706.3728,215
547,558706.3465,900531.2471,682.5671,215
548,558697.0393,900538.0717,745.9336,215
549,558702.7118,900540.0739,730.5240,215
550,558702.5631,900540.6767,706.3407,215
551,558702.9859,900541.0171,682.2771,215
552,558674.6034,900524.2753,745.9629,215
553,558673.0021,900529.3771,745.9149,215
554,558670.0586,900522.8275,730.8268,215
555,558668.4807,900527.3525,730.8250,215
556,558669.5909,900522.7908,706.7533,215
557,558668.5894,900527.6194,706.8383,215
558,558668.6368,900521.6329,682.6324,215
559,558667.1041,900527.5696,682.7733,215
560,558587.6345,900558.8646,704.8823,215
561,558584.9457,900557.3874,693.6491,215
562,558588.0773,900557.5889,680.6095,215
563,558586.2077,900556.2887,667.4599,215
564,558584.1222,900563.4222,667.2376,215
565,558586.2895,900563.7084,680.4975,215
566,558583.5947,900562.0708,693.5579,215
567,558586.5207,900562.5139,704.9308,215
568,558560.8628,900550.9672,704.7741,215
569,558559.7352,900555.7688,704.8270,215
570,558562.2755,900557.4301,692.4454,215
571,558563.8217,900551.2470,692.6482,215
572,558559.8596,900555.5275,680.3757,215
573,558561.0056,900551.1332,680.5511,215
574,558561.9196,900555.4457,666.7156,215
575,558563.0280,900551.3407,666.6702,215
576,557373.0003,904283.6321,840.2845,215
577,557390.2201,904292.3730,861.6070,215
578,557386.9884,904287.4710,849.9562,215
579,557373.0410,904283.4980,849.5546,215
580,557495.1484,904231.3532,868.7992,215
581,557494.0797,904234.8891,869.3491,215
582,557493.6243,904226.2837,853.9836,215
583,557489.5500,904239.2487,856.3636,215
584,557496.6397,904226.6955,841.0068,215
585,557492.5280,904239.7623,843.3291,215
586,557494.6764,904226.2041,828.0368,215
587,557490.6041,904239.3714,830.2513,215
588,557472.0259,904219.5916,854.1334,215
589,557469.2882,904218.3900,841.0844,215
590,557471.0886,904219.4598,828.2094,215
591,557467.1266,904232.1206,830.3535,215
592,557465.2000,904231.5992,843.3505,215
593,556041.7502,901738.1462,820.8335,215
594,556040.1242,901740.5857,810.8290,215
595,556042.6376,901738.3908,800.5465,215
596,559216.6159,901853.8444,558.9926,215
597,559213.2050,901859.7471,551.2900,215
598,559216.8735,901853.5005,543.0180,215
599,572410.5879,926311.2017,625.3598,215
600,572411.1020,926311.7472,601.4813,215
601,572409.8442,926311.7107,577.4008,215
602,572419.1536,926344.0954,579.0019,215
603,572420.3915,926343.9709,603.0598,215
604,572420.3860,926343.6687,626.9797,215
605,572660.9052,931916.6187,511.0647,215
606,572660.7869,931916.4050,487.1628,215
607,572660.7173,931916.3026,463.1444,215
608,572622.6115,931895.4040,511.3953,215
609,572622.5271,931895.9465,487.4293,215
610,572622.1758,931895.0156,463.4137,215
611,572638.5957,931869.6367,511.5792,215
612,572637.6869,931869.4413,487.5769,215
613,572636.8625,931869.5431,463.8208,215
614,572675.4300,931891.6390,463.3429,215
615,572675.7953,931890.9002,487.3287,215
616,572676.1850,931891.1861,511.2279,215
617,575246.6987,959342.0025,554.9316,215
618,575261.7055,959330.0063,539.1847,215
619,575261.7972,959330.3504,515.3013,215
620,575262.9081,959330.9677,491.3278,215
621,575244.2898,959346.4165,553.9082,215
622,575187.6178,959582.6503,520.7945,215
623,575201.2422,959565.3643,496.1785,215
624,575244.1138,959363.1817,533.3735,215
625,575225.1061,959558.5199,497.4220,215
626,575245.0610,959365.6474,512.5701,215
627,575248.7592,959555.4294,493.8180,215
628,575248.0309,959365.8063,488.1002,215
629,575069.6758,959333.1369,522.1807,215
630,575069.2279,959333.1963,497.7044,215
631,575069.6659,959333.4863,546.3674,215
632,575059.1237,959335.5037,565.7487,215
633,575056.5117,959352.2158,540.5777,215
634,575098.4863,959472.0885,520.9525,215
635,575087.7678,959463.1166,500.3422,215
636,575054.3710,959353.6712,518.6842,215
637,575070.7469,959467.2526,498.3291,215
638,575052.7059,959355.4152,497.1396,215
639,575055.1394,959471.1562,496.7048,215
640,575728.1948,959217.2448,486.5047,215
641,575726.7696,959212.0568,475.7816,215
642,575713.5835,959215.1874,477.0932,215
643,575701.8101,959223.5046,487.4810,215
644,575700.6908,959218.8933,476.6119,215
645,575543.0568,958569.4564,458.1339,215
646,575541.6208,958563.7732,493.4708,215
647,575543.4262,958569.8774,481.7329,215
648,575543.1926,958569.2093,469.9797,215
649,575706.4967,959237.4725,473.2930,215
650,575823.4022,959538.5574,450.8439,215
651,575719.3751,959232.8389,473.4644,215
652,575833.1846,959536.1189,450.7596,215
653,575732.2976,959229.3518,472.4741,215
654,575842.9358,959533.6161,450.7882,215
655,575730.0671,959224.8564,486.1754,215
656,575814.3291,959547.3221,452.6145,215
657,574705.3205,959795.6577,549.0567,215
658,574954.0125,959801.7937,519.9868,215
659,574940.3004,959731.6454,519.9611,215
660,574722.9507,959791.9225,471.2367,215
661,574926.4448,959745.2783,493.4117,215
662,574930.7785,959769.0755,495.3595,215
663,574721.9318,959793.7983,497.4908,215
664,574721.0343,959795.9958,523.9009,215
665,574934.3879,959792.6950,496.8516,215
666,574698.2201,959760.2158,549.0823,215
667,574937.5452,959719.2687,520.0064,215
668,574921.0416,959650.4266,520.1347,215
669,574919.4824,959712.8323,493.3391,215
670,574714.0888,959756.8872,471.4653,215
671,574913.6010,959689.3272,495.2487,215
672,574713.3291,959755.1326,497.9351,215
673,574908.7287,959665.9203,497.1979,215
674,574712.1421,959753.5895,524.2501,215
675,574190.6043,959907.1633,529.1215,215
676,574206.6340,959903.7846,507.4126,215
677,574207.0668,959903.7654,479.6150,215
678,574207.5498,959903.4505,451.3428,215
679,574211.3571,959865.2344,529.1482,215
680,574227.3951,959862.0233,507.3610,215
681,574228.5059,959861.7287,479.4346,215
682,574228.9877,959861.4298,450.8936,215
683,574184.0951,959904.5810,529.0379,215
684,574176.9530,959888.9181,506.4813,215
685,574176.7939,959888.6884,478.8428,215
686,574176.6178,959887.8203,450.5536,215
687,574197.7583,959846.0164,450.4753,215
688,574197.8820,959846.4350,478.7227,215
689,574198.1938,959846.9016,506.5966,215
690,574205.1057,959861.6224,528.8859,215
691,573994.0693,959407.7710,531.9397,215
692,574000.3210,959422.1799,509.5916,215
693,574000.7299,959422.3908,481.7525,215
694,574001.4275,959422.6777,453.4979,215
695,573969.7894,959406.9923,453.0670,215
696,573970.3811,959406.5453,481.3497,215
697,573970.7387,959406.4762,509.4736,215
698,573987.1002,959403.2448,532.0263,215
699,573980.1637,959463.9171,448.6390,215
700,573980.1685,959462.8407,476.7625,215
701,573979.4276,959462.6932,504.6141,215
702,573972.7809,959447.6880,526.8933,215
703,573948.9517,959447.6586,448.3053,215
704,573949.5571,959447.6879,476.4161,215
705,573950.2172,959447.1444,504.5337,215
706,573965.4106,959444.2675,526.7021,215
707,576394.7647,960040.9984,469.1786,215
708,576382.9664,960050.8420,468.9553,215
709,576400.6124,960038.3356,458.0042,215
710,576389.5137,960046.8079,457.9638,215
711,576378.6470,960055.4760,457.9132,215
712,576352.7627,960067.4292,471.4440,215
713,576341.1524,960077.7963,471.5551,215
714,576357.2748,960063.2584,457.7848,215
715,576346.1914,960071.7464,458.0638,215
716,576334.9935,960080.0986,458.1351,215
717,575911.7390,959602.5677,440.0012,215
718,575951.3220,959591.1426,458.3493,215
719,575951.1482,959591.2079,448.4779,215
720,575909.4700,959594.1901,438.6537,215
721,575906.4647,959584.4468,439.3483,215
722,575949.4872,959580.2844,452.5208,215
723,575953.5092,959591.5021,458.6154,215
724,575952.9922,959591.4030,448.6815,215
725,575954.9614,959580.6523,453.6124,215
726,575931.0649,959671.2703,441.1633,215
727,575964.0000,959654.8996,463.4221,215
728,575928.4696,959663.4901,439.4618,215
729,575965.0157,959654.3029,453.9444,215
730,575926.0218,959655.3807,437.9134,215
731,575965.7264,959654.1274,443.9481,215
732,575967.4579,959655.3427,444.0497,215
733,575968.2242,959655.3055,453.9228,215
734,575968.6293,959654.9245,464.0067,215
735,576042.5107,959692.9414,453.8141,215
736,576051.4162,959699.8897,454.6058,215
737,576041.6966,959715.7816,458.6790,215
738,576049.5698,959717.9368,466.7373,215
739,576050.9176,959720.3063,454.9482,215
740,576051.9664,959678.4696,467.1244,215
741,576052.4333,959678.7210,454.5344,215
742,576064.6837,959616.4237,467.7014,215
743,576066.2325,959618.7543,456.1394,215
744,576060.9404,959634.9029,455.7447,215
745,576055.9806,959646.8316,467.3219,215
746,576056.9184,959648.7996,455.7615,215
747,576049.0550,959642.0329,455.5739,215
748,576052.7175,959628.6255,456.3572,215
749,576057.3762,959612.7296,456.5214,215
750,575591.3080,960111.2707,468.7324,215
751,575592.9327,960103.6924,472.0206,215
752,575591.2087,960111.3518,474.7496,215
753,575977.0275,959686.3442,446.7231,215
754,575935.8771,959700.5866,441.1523,215
755,575937.6900,959694.5047,440.8467,215
756,575976.9480,959686.1380,442.0129,215
757,575935.0865,959689.5578,441.4062,215
758,575977.0405,959685.4240,450.9925,215
759,575982.5089,959689.4587,451.7307,215
760,575982.4751,959689.5366,446.7494,215
761,575982.1208,959689.3214,441.6276,215
762,576034.0714,959858.5439,451.9927,215
763,576034.0344,959858.2447,447.0432,215
764,576033.9077,959858.3762,441.9142,215
765,576032.2976,959865.8120,450.9854,215
766,576032.4159,959865.4570,445.7369,215
767,576032.4679,959865.5331,441.0976,215
768,575913.0013,959925.6990,467.6609,215
769,575897.5897,959748.9416,449.5667,215
770,575887.5190,959743.4900,451.1821,215
771,575910.1161,959926.2803,457.8805,215
772,575878.2516,959746.7680,451.3543,215
773,575909.2708,959926.2739,477.1233,215
774,575869.7431,959745.3798,452.7355,215
775,575901.3469,959930.3066,482.7914,215
776,575858.8724,959751.2813,451.1422,215
777,575891.2370,959929.3278,467.0851,215
778,575888.7802,959931.2346,457.5206,215
779,575849.3385,959753.5817,450.9274,215
780,575840.0193,959756.2399,451.2101,215
781,575888.4497,959931.6347,476.9549,215
782,575271.3948,959972.8446,520.6099,215
783,575561.8700,960336.4352,528.7234,215
784,575566.9333,960343.0027,528.9694,215
785,575287.4629,959980.7313,497.6821,215
786,575546.4440,960335.6414,503.4865,215
787,575563.1726,960358.1283,504.1646,215
788,575582.0620,960342.9901,504.0839,215
789,575565.7884,960320.1671,503.4044,215
790,575312.4799,959975.0033,497.6296,215
791,575585.6238,960304.7208,503.1521,215
792,575601.8239,960327.4590,504.0154,215
793,575338.1364,959969.8545,497.4679,215
794,575340.9169,959957.6251,520.6395,215
795,575582.4394,960321.7055,528.8319,215
796,575587.8336,960329.2630,528.8520,215
797,576051.4410,961007.9242,470.6927,215
798,576060.3137,961006.0270,491.6134,215
799,576073.4223,960997.5444,472.9518,215
800,576081.7243,960993.9757,496.8939,215
801,576095.2032,960985.0099,473.0375,215
802,575539.9363,958556.8596,493.4819,215
803,575538.7233,958551.4314,480.3138,215
804,575538.7806,958551.7805,468.5682,215
805,575538.6636,958551.7300,456.6478,215
806,573962.1003,952502.5381,408.2805,215
807,573962.9107,952503.9224,396.0950,215
808,573962.3273,952503.3969,384.1066,215
809,573960.7240,952490.1790,420.0118,215
810,573960.7559,952483.7964,407.0703,215
811,573960.9404,952483.7925,395.1885,215
812,573960.8763,952483.6150,383.0659,215
813,573961.0857,952496.3387,420.0353,215
814,574107.8023,950319.1467,430.8785,215
815,574108.1921,950313.8014,430.9817,215
816,574107.4258,950326.0149,417.7481,215
817,574108.5370,950306.4866,419.5083,215
818,574107.5154,950326.8477,405.9553,215
819,574108.5465,950307.4082,407.4681,215
820,574108.7550,950307.0027,395.3846,215
821,574107.3864,950326.6437,393.9891,215
822,574162.0129,949521.6960,484.3068,215
823,574162.2487,949516.8491,484.6744,215
824,574162.8833,949509.7810,472.1319,215
825,574161.4768,949529.3223,472.0381,215
826,574161.6467,949528.6258,459.9826,215
827,574163.0514,949509.7428,460.1843,215
828,574162.8643,949509.4404,448.3960,215
829,574161.3949,949529.4662,448.0373,215
830,574277.2593,947855.3015,393.9358,215
831,574278.7682,947836.1685,393.7202,215
832,574279.0297,947835.9407,381.7773,215
833,574278.6383,947835.3545,369.9566,215
834,574277.3233,947855.7230,370.0637,215
835,574277.3750,947854.5128,382.0767,215
836,574277.9248,947848.8193,406.0470,215
837,574278.3657,947843.0570,405.7055,215
838,574517.0734,944285.0355,463.4682,215
839,574516.5443,944278.0764,463.5106,215
840,574515.1771,944271.8395,450.8723,215
841,574516.7128,944291.0172,451.4072,215
842,574516.8573,944291.4600,439.4648,215
843,574515.5470,944271.1930,439.0408,215
844,574515.2677,944270.7426,427.1021,215
845,574516.9342,944291.6372,427.5187,215
846,573288.4273,938464.6034,467.3533,215
847,573287.1329,938457.7890,467.4734,215
848,573286.2793,938452.5593,455.5680,215
849,573289.5465,938471.0834,454.7023,215
850,573289.8532,938471.4268,442.7213,215
851,573285.5908,938451.7658,443.8852,215
852,573285.6192,938451.8136,431.7956,215
853,573289.9427,938471.8414,430.6603,215
854,573163.8400,937870.7895,479.2660,215
855,573162.8062,937865.7525,479.2943,215
856,573161.4662,937859.3998,467.3284,215
857,573165.4565,937877.8134,466.1730,215
858,573165.2276,937877.8202,454.3136,215
859,573160.9570,937858.1048,455.4390,215
860,573161.2203,937858.7138,443.4680,215
861,573165.4146,937878.1074,442.1375,215
862,572684.8096,935609.0974,512.0349,215
863,572684.2144,935603.7305,512.0295,215
864,572683.4578,935596.5310,499.5706,215
865,572686.0202,935615.8755,500.0300,215
866,572686.0470,935615.8408,488.2019,215
867,572683.5922,935596.2200,487.7611,215
868,572683.3321,935595.8265,475.7418,215
869,572685.9038,935616.0983,476.2488,215
870,572601.3238,933540.2990,496.6233,215
871,572601.1191,933532.7060,496.5896,215
872,572600.7620,933527.3554,484.0406,215
873,572601.4809,933546.5987,485.1641,215
874,572601.8384,933546.7791,473.1843,215
875,572601.1638,933527.6580,472.2550,215
876,572601.1119,933526.5357,460.4620,215
877,572601.9615,933547.0440,461.5583,215
878,572540.2100,931922.8167,498.8066,215
879,572540.3557,931930.5064,498.6390,215
880,572540.5051,931936.0945,485.7546,215
881,572539.6483,931917.8575,487.3586,215
882,572540.2403,931916.8932,475.2296,215
883,572540.8172,931935.6757,473.8843,215
884,572540.9313,931936.0543,461.9318,215
885,572539.8950,931916.3408,463.3593,215
886,572399.7590,928240.7030,747.0765,215
887,572399.5080,928234.4734,747.1030,215
888,572399.3042,928227.8510,733.6212,215
889,572399.7099,928246.4602,734.8667,215
890,572399.9904,928247.2536,722.6569,215
891,572399.4981,928227.5765,721.7216,215
892,572399.2453,928227.3050,709.7998,215
893,572399.9419,928247.4439,710.6872,215
894,572291.8443,925386.1643,535.4683,215
895,572291.5739,925379.7912,535.4807,215
896,572291.2468,925373.5571,524.0345,215
897,572291.9712,925392.1964,522.8868,215
898,572292.2630,925392.7838,510.8821,215
899,572291.2884,925373.4358,512.2363,215
900,572291.2653,925373.3718,500.1728,215
901,572291.6396,925392.3325,499.2130,215
902,572086.3401,920246.5438,699.7661,215
903,572087.4805,920252.3434,699.7208,215
904,572087.3518,920258.0696,687.6812,215
905,572087.6576,920257.7361,675.8465,215
906,572087.7441,920258.4809,663.8156,215
907,572082.6916,920239.6702,663.3807,215
908,572083.1951,920239.9280,675.4357,215
909,572083.0059,920240.4550,687.3614,215
910,570512.7081,917115.0313,646.7894,215
911,570516.4287,917120.4372,647.2792,215
912,570519.1968,917127.1788,636.1106,215
913,570519.3249,917126.4788,624.1982,215
914,570519.7521,917127.0707,612.3528,215
915,570509.0239,917110.7463,609.4493,215
916,570508.4699,917109.9185,621.3831,215
917,570509.2731,917111.1482,633.5473,215
918,570129.0837,916653.5568,581.8467,215
919,570132.4318,916657.3379,581.9877,215
920,570136.8836,916662.9802,569.9576,215
921,570137.2517,916663.6759,558.0908,215
922,570137.4725,916663.7600,546.0420,215
923,570124.3351,916647.4185,545.8006,215
924,570124.6906,916647.6408,557.7991,215
925,570124.8234,916647.8081,569.7850,215
926,568899.4192,915179.3274,561.1059,215
927,568590.9122,914806.0025,572.8509,215
928,568595.4569,914811.0159,572.2703,215
929,568599.7819,914816.1870,559.4663,215
930,568599.7323,914815.5346,547.5118,215
931,568600.3792,914816.5466,535.6447,215
932,568587.5876,914800.7235,538.3767,215
933,568587.3315,914800.3645,550.6606,215
934,568587.2311,914800.6813,562.5344,215
935,566889.3288,912761.3952,888.7666,215
936,566892.6825,912765.4668,888.7820,215
937,566897.5557,912770.8483,875.8999,215
938,566885.5504,912755.9885,876.8303,215
939,566885.5154,912756.3077,865.1570,215
940,566897.6661,912770.5428,863.9490,215
941,566897.9242,912771.1867,851.9888,215
942,566885.1512,912755.7371,852.9851,215
943,564294.1960,909643.5876,712.1309,215
944,564297.5673,909647.6849,712.0522,215
945,564302.5273,909653.8853,699.5515,215
946,564289.8938,909638.7773,700.2196,215
947,564290.0947,909638.4867,688.2367,215
948,564303.0124,909654.2006,687.6590,215
949,564302.7538,909653.8166,675.5830,215
950,564289.6991,909638.7513,676.3838,215
951,558967.3057,903284.8317,528.2546,215
952,558963.7414,903281.9709,528.2823,215
953,558956.6741,903278.0125,518.3391,215
954,558972.5997,903290.6213,516.5151,215
955,558965.7607,903267.9120,518.5715,215
956,558979.8021,903279.2078,516.7543,215
957,558980.1719,903260.7189,528.9902,215
958,558984.4641,903264.4247,528.9219,215
959,558988.2697,903268.7718,517.1399,215
960,558974.6286,903257.5022,518.8212,215
961,558416.6088,902992.7892,578.4175,215
962,558422.9890,902996.0093,566.0816,215
963,558406.2511,902988.0684,565.4075,215
964,558411.4503,902990.4325,578.3488,215
965,558412.9354,902976.3676,565.7458,215
966,558428.8652,902984.0270,566.2906,215
967,558423.5928,902965.4897,578.0395,215
968,558429.0349,902967.9907,577.9953,215
969,558434.5987,902971.5216,565.7469,215
970,558417.6482,902963.6083,565.1673,215
971,558128.7613,902837.4084,559.1061,215
972,558132.7073,902846.5138,546.2493,215
973,558125.8154,902856.6126,546.1913,215
974,558120.3917,902867.3254,546.3617,215
975,558112.5679,902871.5585,559.1774,215
976,558540.3454,901139.6085,713.9592,215
977,558538.9991,901149.9098,713.0013,215
978,558544.3624,901125.9222,696.8381,215
979,558540.0627,901163.4202,693.6394,215
980,558540.4129,901163.6575,669.4091,215
981,558544.2946,901126.3220,672.7679,215
982,558544.5904,901125.4186,648.8627,215
983,558539.9726,901164.3430,644.8457,215
984,558561.5006,901390.2364,657.7620,215
985,558558.5822,901391.9140,635.2896,215
986,558555.2199,901393.7894,614.4157,215
987,558559.2354,901384.1245,681.6190,215
988,558577.7184,901562.4238,608.3244,215
989,558526.6627,901786.8701,686.3004,215
990,558526.8852,901794.8915,685.7085,215
991,558526.8486,901771.5924,673.1598,215
992,558526.9010,901771.9624,648.0751,215
993,558528.5419,901808.2112,645.7872,215
994,558528.5346,901808.5746,671.0097,215
995,558528.3051,901808.6865,620.7097,215
996,558526.3178,901771.9418,622.7762,215
997,558610.2966,902421.4393,634.0673,215
998,558613.4797,902420.7723,623.5746,215
999,558613.4026,902420.5272,598.9195,215
1000,558614.9718,902420.8541,575.4771,215
1001,558573.2910,902431.4324,634.4216,215
1002,558572.2946,902426.5872,634.6498,215
1003,558579.2982,902427.6451,618.4991,215
1004,558579.3469,902428.0238,594.2803,215
1005,558577.5823,902428.0656,570.5749,215
1006,558917.6277,903313.4993,643.1947,215
1007,558919.1940,903312.3275,630.3002,215
1008,558919.3047,903312.2777,606.3667,215
1009,558920.3950,903311.6137,582.5449,215
1010,558889.5828,903329.3217,627.6377,215
1011,558887.1273,903330.7109,579.7994,215
1012,558884.3300,903331.4907,643.0347,215
1013,559453.5367,904006.8755,571.7646,215
1014,559449.9512,904009.7027,556.4832,215
1015,559450.1394,904009.9292,532.3995,215
1016,559448.8889,904010.8524,508.4709,215
1017,559472.2953,903991.2061,571.6683,215
1018,559476.9089,903986.8699,556.5664,215
1019,559477.1259,903987.0257,532.5049,215
1020,559478.1512,903986.0741,508.5030,215
1021,560016.0214,904643.3100,568.0756,215
1022,560020.6498,904639.5640,552.8647,215
1023,560020.4305,904639.5742,528.7662,215
1024,560021.6221,904638.7959,504.9562,215
1025,559997.6317,904659.4729,567.7360,215
1026,559993.5753,904662.6122,552.7224,215
1027,559993.5856,904662.5099,528.6299,215
1028,559992.0840,904663.2289,504.6783,215
1029,560591.7390,905334.6874,586.0521,215
1030,560596.3642,905330.6302,570.8985,215
1031,560596.2864,905330.7980,546.8722,215
1032,560597.2469,905329.4876,522.9031,215
1033,561039.3254,905871.4492,619.0547,215
1034,561043.9741,905867.5995,604.0121,215
1035,561043.8916,905868.0123,579.9053,215
1036,561045.0479,905866.8436,555.8583,215
1037,561020.6491,905887.1832,619.2032,215
1038,561016.7976,905890.5808,603.9033,215
1039,561016.8931,905890.9256,579.8605,215
1040,561015.4906,905891.7023,555.8704,215
1041,561579.3137,906566.7368,703.8261,215
1042,561582.3704,906563.4860,718.8706,215
1043,561579.1603,906566.4185,679.7825,215
1044,561578.5473,906567.5179,656.0583,215
1045,561601.3643,906547.6097,719.1866,215
1046,561606.4324,906543.6460,703.9492,215
1047,561606.5483,906543.6808,679.9934,215
1048,561607.4028,906542.6089,655.8902,215
1049,561807.1297,906792.6595,731.9509,215
1050,561811.5295,906789.1439,716.9548,215
1051,561811.4385,906789.2075,692.9023,215
1052,561812.3289,906788.1695,668.8444,215
1053,561790.4272,906807.5278,731.5542,215
1054,561784.2846,906811.3360,716.8220,215
1055,561783.9648,906811.9233,692.8047,215
1056,561782.7446,906813.0360,668.4829,215
1057,562327.2213,907464.2005,719.7830,215
1058,562327.2747,907464.0945,695.7268,215
1059,562326.1191,907465.0962,671.8485,215
1060,562331.4079,907460.5562,734.8290,215
1061,562349.6040,907445.3526,735.0567,215
1062,562354.7944,907441.6519,719.8968,215
1063,562354.7316,907441.7288,695.8095,215
1064,562355.9340,907440.6129,671.8942,215
1065,562842.8133,908074.6521,736.5665,215
1066,562839.3240,908078.1215,721.4978,215
1067,562839.0840,908078.2924,697.3906,215
1068,562837.8894,908079.1339,673.4688,215
1069,562861.9292,908058.8470,736.8359,215
1070,562866.5729,908055.6168,721.5868,215
1071,562866.3845,908055.6177,697.5277,215
1072,562867.6286,908054.8200,673.6393,215
1073,563600.7211,908984.8019,780.7757,215
1074,563596.5134,908987.8482,765.6751,215
1075,563596.8435,908987.7777,741.8320,215
1076,563595.7764,908988.7631,717.9195,215
1077,563619.4925,908969.3192,781.3326,215
1078,563624.0755,908965.1732,766.0550,215
1079,563624.1992,908965.3368,741.8883,215
1080,563625.3472,908964.2908,717.9831,215
1081,564208.3284,909716.0043,735.2851,215
1082,564206.0630,909713.1493,735.1895,215
1083,564193.3529,909704.6178,719.3595,215
1084,564214.6795,909729.9298,719.8707,215
1085,564193.0907,909704.3890,695.1769,215
1086,564214.9647,909730.4834,696.1932,215
1087,564192.2575,909705.3259,671.1473,215
1088,564213.5764,909731.0419,672.1030,215
1089,564229.9860,909699.2324,735.2826,215
1090,564226.7113,909694.9967,735.1778,215
1091,564243.1466,909708.2693,720.3248,215
1092,564220.7140,909681.0519,719.3617,215
1093,564220.6506,909681.0366,695.5175,215
1094,564243.1909,909707.8095,696.2797,215
1095,564244.1012,909706.9513,672.2646,215
1096,564222.0150,909679.9310,671.4026,215
1097,564753.6513,910374.1038,812.6595,215
1098,564757.0483,910376.5364,812.9744,215
1099,564741.3188,910366.0435,795.0733,215
1100,564768.4478,910386.4751,798.7960,215
1101,564742.0421,910366.4832,770.8234,215
1102,564768.2445,910386.4290,774.6434,215
1103,564740.8288,910367.5684,747.1201,215
1104,564767.6047,910387.2547,750.8355,215
1105,564776.5028,910350.1150,812.9704,215
1106,564773.5361,910347.8894,812.6041,215
1107,564792.1015,910354.4608,798.6932,215
1108,564765.5459,910334.5386,795.1125,215
1109,564765.3673,910334.4046,770.9918,215
1110,564792.2915,910354.6033,774.8531,215
1111,564792.1662,910354.5093,750.7203,215
1112,564766.0180,910334.8928,747.3227,215
1113,565191.9259,910571.3117,852.8419,215
1114,565189.4256,910569.5373,852.6985,215
1115,565175.4487,910563.4782,835.8018,215
1116,565201.4226,910583.5483,836.9114,215
1117,565201.7255,910583.9404,812.8457,215
1118,565175.2169,910563.7864,811.8271,215
1119,565200.5074,910585.1173,788.9162,215
1120,565173.9700,910565.1151,787.7512,215
1121,565212.4619,910545.4410,852.8786,215
1122,565208.8400,910542.9850,852.6411,215
1123,565224.6319,910553.6247,837.1459,215
1124,565198.6168,910533.3434,835.9191,215
1125,565225.0114,910553.6366,813.2918,215
1126,565198.7681,910533.6053,812.0635,215
1127,565199.2125,910532.3584,787.9638,215
1128,565225.3161,910552.4945,789.1740,215
1129,565896.0655,911426.2254,909.7513,215
1130,565891.4592,911429.4950,894.3875,215
1131,565891.4118,911429.1862,870.4826,215
1132,565890.4747,911430.4656,846.3952,215
1133,565913.8881,911411.4273,909.6095,215
1134,565918.8667,911407.3504,894.4838,215
1135,565919.0841,911407.3471,870.4270,215
1136,565919.9889,911405.7178,846.6253,215
1137,566381.8079,912010.8258,922.9682,215
1138,566377.8622,912014.0024,907.8493,215
1139,566377.7640,912013.8873,883.9069,215
1140,566376.6272,912014.6317,859.8833,215
1141,566400.6431,911994.6292,923.2559,215
1142,566404.7531,911990.7562,908.1833,215
1143,566404.8445,911990.8889,883.9661,215
1144,566405.7378,911989.8649,860.0833,215
1145,566871.2718,912597.8574,921.4412,215
1146,566867.3163,912601.2211,906.4509,215
1147,566867.4742,912601.2641,882.3667,215
1148,566866.0681,912602.1586,858.4240,215
1149,566890.2740,912582.1590,921.5051,215
1150,566894.4911,912578.3028,906.6640,215
1151,566894.4002,912578.6429,882.5005,215
1152,566895.5444,912577.5427,858.5701,215
1153,567365.3751,913202.1060,846.0969,215
1154,567366.7771,913201.0277,869.9500,215
1155,567366.6827,913201.0145,894.0360,215
1156,567370.5998,913197.7059,909.0263,215
1157,567394.8234,913177.3257,846.0871,215
1158,567393.5734,913177.9727,870.1741,215
1159,567393.6491,913178.0585,894.1329,215
1160,567389.7097,913181.5597,909.0546,215
1161,567792.9861,913704.9163,853.9080,215
1162,567789.1870,913708.4552,838.8081,215
1163,567789.3167,913708.3055,814.8162,215
1164,567788.0800,913709.4629,790.7715,215
1165,567812.0722,913688.8183,853.6733,215
1166,567816.0166,913685.3601,838.8388,215
1167,567816.0313,913685.5129,814.8958,215
1168,567817.4145,913684.5459,790.8253,215
1169,568260.4232,914265.8210,751.9296,215
1170,568256.7660,914269.3168,737.3192,215
1171,568256.5148,914269.7115,713.0538,215
1172,568255.4583,914270.5446,689.1868,215
1173,568279.4444,914249.5754,751.9197,215
1174,568283.5638,914246.2515,737.1478,215
1175,568283.4559,914246.5858,713.0670,215
1176,568284.5949,914245.4208,689.2911,215
1177,568734.2549,914834.5770,658.7618,215
1178,568730.3910,914838.1170,643.7306,215
1179,568730.3154,914838.0253,619.4696,215
1180,568728.7147,914838.9101,595.5402,215
1181,568753.1862,914818.3506,658.3483,215
1182,568757.2023,914815.2168,643.7609,215
1183,568757.6129,914815.1787,619.5718,215
1184,568757.6448,914814.1560,595.6188,215
1185,569374.2468,915603.0723,614.9161,215
1186,569370.1180,915606.2568,600.0712,215
1187,569370.8474,915606.4574,576.0462,215
1188,569369.2860,915607.4356,552.0488,215
1189,569392.8942,915586.7361,615.2772,215
1190,569398.0653,915583.4197,600.2315,215
1191,569397.8163,915583.1518,576.1143,215
1192,569399.0380,915582.5942,552.3630,215
1193,570219.4491,916617.0207,660.5766,215
1194,570216.5515,916619.2888,645.7881,215
1195,570216.4877,916619.3048,621.7109,215
1196,570215.6718,916620.5254,597.7481,215
1197,570237.0737,916601.7759,662.0871,215
1198,570243.3387,916595.4805,646.0820,215
1199,570243.1140,916596.1815,621.8044,215
1200,570244.2188,916594.9433,597.9659,215
1201,570591.5231,917033.6738,699.5667,215
1202,570588.4180,917035.6296,687.5834,215
1203,570588.3307,917035.1868,663.7267,215
1204,570587.0137,917036.1321,639.4242,215
1205,570622.0744,917013.2146,698.6901,215
1206,570616.8598,917016.0715,683.5878,215
1207,570617.1905,917016.2247,659.7845,215
1208,570618.2631,917015.1652,635.2492,215
1209,570957.3248,917810.2543,781.0373,215
1210,570952.4573,917811.9147,765.7657,215
1211,570952.5679,917811.9326,741.7453,215
1212,570951.2775,917812.3746,717.7492,215
1213,570979.4117,917799.0196,780.9006,215
1214,570984.3589,917796.6808,765.8397,215
1215,570984.4102,917796.4901,741.9909,215
1216,570985.8668,917795.6916,717.7605,215
1217,571396.3305,918685.4711,811.6323,215
1218,571391.3941,918687.6133,796.6345,215
1219,571391.4526,918687.3622,772.8335,215
1220,571390.2670,918688.1617,748.7254,215
1221,571418.6954,918674.1034,811.7166,215
1222,571423.0820,918671.9304,796.8805,215
1223,571423.0899,918671.5238,772.7459,215
1224,571424.4334,918670.9588,748.8035,215
1225,571598.0336,919086.6088,813.4300,215
1226,571593.0995,919089.0615,798.1281,215
1227,571593.0966,919088.9829,774.1782,215
1228,571591.8182,919089.6976,750.1362,215
1229,571620.2855,919075.1239,813.2807,215
1230,571624.3365,919072.4793,798.3640,215
1231,571624.4642,919072.7664,774.3146,215
1232,571625.7311,919072.0285,750.3498,215
1233,571891.1512,919670.7308,775.3333,215
1234,571886.8398,919673.3472,760.2165,215
1235,571886.9556,919673.1497,736.2183,215
1236,571885.3969,919673.6866,712.2690,215
1237,571913.4838,919659.5236,775.2032,215
1238,571918.4286,919656.9101,760.3067,215
1239,571918.6606,919656.8608,736.4034,215
1240,571919.9326,919656.4056,712.3407,215
1241,572182.3360,920258.7941,739.8464,215
1242,572182.8079,920275.9744,723.5912,215
1243,572174.6745,920243.5784,724.7685,215
1244,572174.5021,920243.4413,700.9007,215
1245,572182.7602,920276.0287,699.5306,215
1246,572180.9874,920276.5971,675.5520,215
1247,572172.7529,920244.0355,676.8707,215
1248,572214.5060,920250.5692,740.0325,215
1249,572211.0323,920233.2447,725.0672,215
1250,572211.0882,920233.5452,701.0720,215
1251,572211.9545,920232.9749,677.1763,215
1252,572220.6429,920266.5963,675.3618,215
1253,572219.8652,920266.9241,699.4659,215
1254,572219.4182,920266.8683,723.6602,215
1255,572215.1278,921008.3812,722.1387,215
1256,572209.9949,921008.9725,707.1022,215
1257,572210.2688,921008.7370,682.9885,215
1258,572208.6876,921009.0072,659.0173,215
1259,572240.2240,921007.2653,722.2509,215
1260,572245.5146,921006.7863,707.1287,215
1261,572245.3724,921006.9043,683.1049,215
1262,572246.9470,921007.0630,659.1588,215
1263,572246.0320,921805.9836,755.4400,215
1264,572240.6250,921806.2443,740.1169,215
1265,572240.4097,921806.2905,716.1194,215
1266,572239.0349,921806.3493,692.1451,215
1267,572270.9851,921805.1844,755.2888,215
1268,572275.8796,921804.8786,740.4757,215
1269,572276.2224,921804.4210,716.1440,215
1270,572277.4463,921804.5559,692.2464,215
1271,572275.4832,922574.0961,779.3015,215
1272,572269.8988,922574.6968,764.3621,215
1273,572269.9855,922574.4936,740.2138,215
1274,572268.5903,922574.3914,716.3163,215
1275,572300.2300,922573.1255,779.3513,215
1276,572305.3793,922572.9993,764.3965,215
1277,572305.1119,922572.4539,740.3787,215
1278,572306.5743,922572.3647,716.3476,215
1279,572303.2527,923302.0215,759.4665,215
1280,572298.0219,923302.5661,743.9984,215
1281,572297.9774,923302.4914,719.9676,215
1282,572296.4766,923302.5118,695.9667,215
1283,572328.3732,923300.9897,759.1207,215
1284,572333.3593,923300.8474,744.0381,215
1285,572333.1168,923300.8941,719.9309,215
1286,572334.8639,923300.4397,696.0175,215
1287,572328.4690,923950.2461,713.9285,215
1288,572323.2028,923950.5889,699.0330,215
1289,572323.0411,923950.6572,674.9377,215
1290,572321.6403,923950.5833,651.0487,215
1291,572353.3140,923949.1467,714.3580,215
1292,572358.4584,923948.3921,699.0755,215
1293,572358.2773,923948.6888,675.0889,215
1294,572359.8415,923948.1821,651.0939,215
1295,572357.4861,924717.9334,654.8900,215
1296,572351.8939,924718.4523,639.7653,215
1297,572351.9169,924718.2638,615.7722,215
1298,572350.7321,924718.2948,591.8530,215
1299,572382.4684,924717.2344,654.8484,215
1300,572387.3416,924716.6359,640.1432,215
1301,572387.6091,924716.5597,615.9747,215
1302,572388.7880,924716.5582,592.0473,215
1303,572382.8325,925396.2979,588.5822,215
1304,572377.6689,925379.5283,574.3169,215
1305,572378.8439,925413.0676,573.1608,215
1306,572378.8366,925413.2036,548.9203,215
1307,572377.5501,925380.3741,550.1657,215
1308,572376.4931,925379.9512,526.1618,215
1309,572377.5259,925413.5475,525.1647,215
1310,572410.0593,925395.1968,588.6250,215
1311,572414.2419,925377.8274,574.3271,215
1312,572414.7553,925411.8226,572.6155,215
1313,572415.0434,925412.1810,548.5688,215
1314,572413.5943,925378.3182,550.0633,215
1315,572414.8984,925378.0989,526.1332,215
1316,572416.2152,925411.5144,524.8179,215
1317,572446.7511,926318.9992,642.5789,215
1318,572447.8071,926301.4438,624.6419,215
1319,572457.4076,926334.3574,626.8303,215
1320,572455.7219,926333.3819,603.0274,215
1321,572447.3318,926301.6307,600.6339,215
1322,572449.2933,926300.6130,576.9571,215
1323,572458.4770,926333.1758,578.8424,215
1324,572416.1170,926327.5465,642.7625,215
1325,572656.7097,931897.7095,526.7852,215
1326,572626.3683,931880.4539,527.0698,215
1327,572663.2727,932794.2214,562.1404,215
1328,572657.6232,932794.5985,546.8550,215
1329,572657.4880,932794.6697,522.8111,215
1330,572656.0366,932794.5225,498.8491,215
1331,572687.6180,932793.2705,562.1608,215
1332,572693.1250,932792.8807,546.9453,215
1333,572692.8471,932793.1688,522.8429,215
1334,572694.2723,932793.2750,499.0352,215
1335,572688.9155,933492.5843,553.5472,215
1336,572683.6859,933493.0190,538.2921,215
1337,572683.5657,933492.7737,514.5282,215
1338,572682.3271,933493.0313,490.3276,215
1339,572714.1055,933491.8635,553.6819,215
1340,572718.8183,933491.1188,538.2764,215
1341,572718.7236,933491.0818,514.2773,215
1342,572720.1207,933490.7688,490.2273,215
1343,572720.9323,934330.4007,591.7588,215
1344,572714.4004,934330.3299,576.4902,215
1345,572714.3762,934330.9069,552.5173,215
1346,572712.9665,934330.4865,528.6154,215
1347,572745.3711,934329.2619,591.5011,215
1348,572749.8059,934328.7367,576.5784,215
1349,572750.0230,934328.9836,552.6098,215
1350,572751.1771,934329.3500,528.5471,215
1351,572734.6807,934916.3397,633.9449,215
1352,572733.8860,934915.6410,619.9717,215
1353,572733.7032,934915.9703,596.4856,215
1354,572732.3186,934915.6341,572.4071,215
1355,572760.2820,934948.5687,615.4875,215
1356,572765.9254,934928.7597,593.8120,215
1357,572767.8643,934928.3294,570.0091,215
1358,572768.9720,934908.4917,569.8704,215
1359,572595.0289,935588.2336,601.4882,215
1360,572599.4361,935570.8948,586.2038,215
1361,572598.6128,935605.2581,583.8164,215
1362,572599.3795,935571.1915,562.2586,215
1363,572598.5853,935605.5063,559.7616,215
1364,572601.0589,935571.2112,538.3448,215
1365,572600.1399,935605.4915,535.7296,215
1366,572561.6199,935587.7090,601.6205,215
1367,572560.5995,935603.7620,584.1446,215
1368,572561.2555,935570.8280,586.4773,215
1369,572561.2954,935571.1035,562.4357,215
1370,572560.1480,935603.8598,560.0985,215
1371,572560.2000,935570.8553,538.5649,215
1372,572558.9530,935604.0919,535.9849,215
1373,572728.2576,936361.0134,533.3256,215
1374,572722.9117,936361.6837,518.0197,215
1375,572722.9724,936361.5224,494.0629,215
1376,572721.6459,936361.9122,469.9523,215
1377,572751.8916,936355.5063,533.4319,215
1378,572757.7009,936354.2101,518.0970,215
1379,572758.1386,936354.7445,494.0972,215
1380,572759.3856,936353.8751,470.1778,215
1381,572858.1650,936974.7981,522.2450,215
1382,572853.1375,936975.2619,506.8955,215
1383,572853.2152,936975.5099,482.7862,215
1384,572851.9815,936975.6469,458.8944,215
1385,572882.5142,936969.3311,522.0649,215
1386,572887.6783,936968.4081,507.1856,215
1387,572887.8041,936968.7803,483.0152,215
1388,572889.0834,936967.9798,459.1246,215
1389,573055.6908,937788.6028,519.4449,215
1390,573061.0328,937787.4092,504.2811,215
1391,573061.1031,937787.1986,480.2591,215
1392,573062.5512,937787.1567,456.2172,215
1393,573031.2270,937793.5976,519.4701,215
1394,573026.2397,937794.7408,504.1985,215
1395,573026.5000,937794.8810,480.1394,215
1396,573025.0473,937795.1876,456.2566,215
1397,573117.9928,938203.0111,513.9490,215
1398,573113.0428,938204.5103,498.5870,215
1399,573112.9648,938204.4603,474.6374,215
1400,573111.5008,938204.4748,450.5530,215
1401,573142.3509,938197.7876,513.8475,215
1402,573145.5247,938197.1898,499.0080,215
1403,573147.8125,938196.9031,474.7223,215
1404,573148.9193,938196.3587,450.7583,215
1405,573280.6793,938972.6010,501.6093,215
1406,573275.6321,938974.1075,486.0665,215
1407,573276.0115,938974.1240,462.0546,215
1408,573274.2729,938974.5201,438.0921,215
1409,573305.2683,938967.7735,501.4758,215
1410,573310.4870,938967.0159,486.2308,215
1411,573310.4042,938966.4968,462.1356,215
1412,573312.1053,938966.2623,438.1852,215
1413,573425.0687,939655.1889,507.3009,215
1414,573420.1761,939656.5944,492.3106,215
1415,573419.9321,939656.0926,468.2054,215
1416,573418.8770,939656.5988,444.3065,215
1417,573449.4914,939650.2803,507.2408,215
1418,573454.8226,939648.8791,492.3834,215
1419,573454.8698,939648.8790,468.4591,215
1420,573456.1330,939648.5937,444.3264,215
1421,573616.3488,940438.4663,490.8835,215
1422,573621.4574,940437.6371,475.6506,215
1423,573621.6894,940437.6741,451.7274,215
1424,573622.9259,940437.0360,427.7374,215
1425,573591.6836,940444.0137,490.7679,215
1426,573586.7130,940445.3291,475.5399,215
1427,573586.9173,940445.2372,451.4736,215
1428,573585.6215,940445.3820,427.6291,215
1429,573777.5036,941322.8345,479.5664,215
1430,573772.3938,941324.1965,464.1700,215
1431,573772.7389,941323.9061,440.1944,215
1432,573771.4360,941324.3836,416.2951,215
1433,573802.1624,941317.8530,479.3093,215
1434,573807.5566,941316.9323,464.2864,215
1435,573807.3766,941316.5733,440.2132,215
1436,573808.9725,941316.1368,416.3123,215
1437,573947.2971,942123.0777,486.9241,215
1438,573942.7680,942124.4989,471.2635,215
1439,573942.5993,942124.3286,447.2188,215
1440,573941.3460,942124.9000,423.3050,215
1441,573972.2306,942117.9951,486.6710,215
1442,573977.3144,942117.0816,471.4549,215
1443,573977.3946,942117.0474,447.3509,215
1444,573978.7038,942116.8603,423.3265,215
1445,574135.0750,942855.9340,540.3708,215
1446,574136.3248,942855.5886,527.1755,215
1447,574136.0449,942855.3857,503.2313,215
1448,574137.4432,942855.2123,478.9854,215
1449,574098.9734,942868.5995,540.1454,215
1450,574104.7145,942866.9798,524.9370,215
1451,574104.3295,942866.9883,500.8017,215
1452,574101.7253,942867.7699,476.6566,215
1453,574446.1779,943550.1036,563.1609,215
1454,574446.5219,943550.2839,548.5190,215
1455,574446.5841,943550.0079,524.6833,215
1456,574445.2390,943550.8250,500.7013,215
1457,574482.1942,943536.1645,563.8799,215
1458,574478.8071,943538.1365,547.4163,215
1459,574478.0914,943538.2332,523.5369,215
1460,574480.6089,943537.1324,499.5472,215
1461,574683.2180,944262.5680,488.7599,215
1462,574685.2921,944295.4898,487.3811,215
1463,574685.7447,944295.0949,463.4822,215
1464,574683.0699,944262.2179,464.9104,215
1465,574684.7138,944261.8554,440.8885,215
1466,574686.8144,944295.5163,439.2851,215
1467,574645.6769,944264.9154,488.7312,215
1468,574645.7435,944264.9618,464.6026,215
1469,574644.4099,944265.0435,440.6653,215
1470,574646.9593,944297.7470,439.1067,215
1471,574648.3332,944297.8398,463.1508,215
1472,574647.8900,944298.0522,487.1384,215
1473,574555.9297,945011.3505,487.0551,215
1474,574556.0784,945011.1486,470.2799,215
1475,574555.8289,945011.3479,446.3469,215
1476,574554.4026,945010.9357,422.2753,215
1477,574593.3268,945014.6489,487.1766,215
1478,574590.8879,945014.8054,471.7770,215
1479,574590.8860,945014.9794,447.8826,215
1480,574592.1172,945014.9098,423.8736,215
1481,574476.5069,946241.5736,465.0692,215
1482,574471.3975,946241.1195,449.9711,215
1483,574471.2333,946240.9856,425.8790,215
1484,574469.8946,946240.3379,402.0079,215
1485,574501.8054,946242.7059,465.2327,215
1486,574506.8573,946242.8161,450.0300,215
1487,574506.7565,946242.9212,425.9900,215
1488,574508.2874,946242.7551,402.0147,215
1489,574427.5213,946950.8318,464.0414,215
1490,574422.2990,946950.1313,448.7828,215
1491,574422.3969,946950.4422,424.9402,215
1492,574421.1323,946950.4048,400.8787,215
1493,574452.5290,946952.1829,464.1740,215
1494,574457.8499,946952.7918,449.0380,215
1495,574457.6250,946952.5283,424.8938,215
1496,574458.9379,946952.8867,400.9226,215
1497,574351.6324,948089.7553,473.3688,215
1498,574346.7898,948089.1806,457.2019,215
1499,574346.9224,948089.4069,433.1327,215
1500,574345.6130,948089.1426,409.1766,215
1501,574376.8239,948090.6080,409.0966,215
1502,574375.8128,948090.7877,433.0658,215
1503,574375.4823,948090.8175,457.1650,215
1504,574370.3953,948090.9528,473.3655,215
1505,574299.4428,948699.2448,481.3785,215
1506,574300.8907,948699.1015,505.3327,215
1507,574300.9087,948699.3591,529.2592,215
1508,574306.1925,948699.4287,544.4200,215
1509,574330.9332,948701.4078,544.8428,215
1510,574335.9560,948701.5290,529.6045,215
1511,574336.0085,948701.6017,505.4942,215
1512,574337.5634,948702.1241,481.4071,215
1513,574263.7620,949314.2728,545.0150,215
1514,574258.7471,949313.9913,529.8626,215
1515,574258.6038,949313.9408,505.8348,215
1516,574257.0789,949314.1493,481.9725,215
1517,574288.8890,949316.0199,545.2181,215
1518,574293.8552,949316.3197,530.0040,215
1519,574294.0368,949315.6811,505.9782,215
1520,574295.1451,949316.2065,482.2533,215
1521,574225.3685,949894.4715,496.2926,215
1522,574219.8899,949893.9268,480.9907,215
1523,574219.7385,949893.8567,457.0139,215
1524,574218.4060,949894.1712,432.9875,215
1525,574249.9956,949895.7660,496.2220,215
1526,574255.2232,949896.3237,481.1159,215
1527,574255.2601,949896.4439,456.9681,215
1528,574256.5056,949896.7078,433.0815,215
1529,574167.7887,950724.0592,471.6264,215
1530,574162.5315,950723.7021,456.2202,215
1531,574162.6344,950723.6935,432.0845,215
1532,574160.9928,950723.3339,408.2464,215
1533,574199.7813,950725.8849,408.2186,215
1534,574198.2651,950725.8253,432.2215,215
1535,574192.8792,950725.5290,471.7229,215
1536,574198.1045,950725.5855,456.3535,215
1537,574106.9529,951648.0505,455.6453,215
1538,574101.9841,951648.2893,440.7786,215
1539,574101.6222,951647.8728,416.7926,215
1540,574100.0652,951648.0207,392.7760,215
1541,574138.3968,951650.5862,392.8915,215
1542,574137.2939,951650.3174,416.7883,215
1543,574137.0512,951650.5048,440.8894,215
1544,574132.0332,951649.6987,455.8071,215
1545,574078.8248,952507.2554,456.1405,215
1546,574080.8067,952507.1544,444.2045,215
1547,574080.7858,952506.4770,419.5182,215
1548,574082.0694,952506.7855,395.9694,215
1549,574044.3190,952511.0572,392.2755,215
1550,574046.9333,952510.1529,416.8300,215
1551,574046.1109,952510.5362,440.2505,215
1552,574040.1372,952510.3998,456.4404,215
1553,574260.4785,953329.2645,456.5817,215
1554,574255.7672,953330.2750,441.3391,215
1555,574255.6347,953330.4009,417.3647,215
1556,574254.2490,953331.0793,393.2917,215
1557,574291.3758,953321.0237,393.4152,215
1558,574289.9609,953321.5653,417.3989,215
1559,574290.0803,953321.7489,441.4788,215
1560,574284.8736,953323.1264,456.4687,215
1561,574491.0820,954209.9994,474.6506,215
1562,574486.0286,954211.3077,459.2790,215
1563,574486.2117,954211.2291,435.1978,215
1564,574484.7058,954212.2150,411.6073,215
1565,574515.1948,954203.6138,474.3426,215
1566,574520.0491,954202.4631,459.4215,215
1567,574520.3537,954202.0466,435.3325,215
1568,574521.8054,954201.6329,411.4051,215
1569,574734.4138,955138.4611,479.6195,215
1570,574729.4029,955139.8390,464.2278,215
1571,574729.0435,955139.5941,440.3211,215
1572,574727.7206,955139.9565,416.5075,215
1573,574758.4908,955131.9056,479.6868,215
1574,574763.3950,955130.4088,464.4222,215
1575,574763.4285,955130.8918,440.3566,215
1576,574764.8806,955129.8924,416.4085,215
1577,574984.0278,955992.6823,485.4046,215
1578,574988.9732,955991.3375,470.3317,215
1579,574989.3712,955991.6626,446.2872,215
1580,574990.9123,955990.6948,422.2242,215
1581,574960.0536,955999.4856,485.4344,215
1582,574954.9252,956000.4154,470.2202,215
1583,574954.7125,956000.2474,446.1090,215
1584,574953.2491,956001.1355,422.2717,215
1585,575157.5608,956754.0392,512.3975,215
1586,575152.4532,956755.6525,496.8312,215
1587,575152.4590,956755.1321,472.7296,215
1588,575150.8941,956755.5751,448.7975,215
1589,575181.5760,956747.2400,512.2581,215
1590,575186.6707,956745.9601,496.9816,215
1591,575186.6388,956745.9665,472.9347,215
1592,575188.3800,956745.4415,448.8568,215
1593,575299.2882,957295.6823,514.1222,215
1594,575294.2596,957296.6456,498.8998,215
1595,575294.2657,957296.5757,474.8533,215
1596,575292.6847,957297.5088,451.0119,215
1597,575323.2644,957289.0424,513.9507,215
1598,575328.1424,957287.7305,499.0379,215
1599,575328.5826,957287.5114,475.0401,215
1600,575329.6797,957287.3895,450.9461,215
1601,575493.0834,958035.0910,511.6762,215
1602,575487.7992,958036.9382,496.3163,215
1603,575487.5822,958036.0698,472.3212,215
1604,575486.5684,958036.9208,448.5539,215
1605,575517.1605,958028.1435,511.8344,215
1606,575521.9241,958026.8287,496.6538,215
1607,575521.9659,958026.9351,472.4373,215
1608,575523.3780,958026.5412,448.3544,215
1609,575692.5354,958822.6785,541.4456,215
1610,575683.8570,958852.7806,543.1005,215
1611,575684.2253,958852.7304,519.3342,215
1612,575692.9192,958823.2539,517.4747,215
1613,575692.9497,958823.2219,493.5881,215
1614,575684.3820,958853.1285,495.6253,215
1615,575735.1348,958834.9086,541.8927,215
1616,575726.7488,958864.4516,543.9265,215
1617,575727.4038,958864.1438,519.4943,215
1618,575735.2331,958834.8244,517.8522,215
1619,575735.1332,958835.1872,494.0127,215
1620,575727.1547,958864.5093,495.8363,215
1621,575516.9510,959021.2745,544.4934,215
1622,575492.5290,959045.0475,544.2602,215
1623,575516.8441,959021.4067,520.6450,215
1624,575517.1036,959021.3968,496.8397,215
1625,575492.7174,959044.7172,496.5096,215
1626,575492.5339,959045.1633,520.5258,215
1627,575545.7174,959049.0065,544.7294,215
1628,575521.4313,959073.5074,544.1344,215
1629,575521.3248,959073.4821,520.0933,215
1630,575545.3648,959049.2125,520.3548,215
1631,575546.9870,959050.5711,496.5621,215
1632,575523.0754,959074.3712,496.1423,215
1633,575236.3386,959287.2640,541.4920,215
1634,575236.0834,959287.4073,517.5271,215
1635,575204.4059,959304.4367,518.4406,215
1636,575204.1929,959304.1604,542.8471,215
1637,575205.8559,959304.6268,494.2343,215
1638,575235.7382,959288.2402,493.6715,215
1639,575051.4614,959341.4188,565.2496,215
1640,575046.6783,959485.1119,520.9685,215
1641,575870.9258,960032.6256,440.9293,215
1642,575876.7065,960026.7875,440.3767,215
1643,575876.5030,960027.1313,434.2144,215
1644,575870.3468,960033.1252,434.6886,215
1645,575866.5870,960018.1109,436.7435,215
1646,575860.3396,960024.4631,437.4147,215
1647,575752.3328,960131.2134,467.9545,215
1648,575752.5810,960131.2370,463.0478,215
1649,575752.5586,960131.4122,458.1185,215
1650,575759.6443,960129.0815,457.8623,215
1651,575759.2972,960128.9078,462.7626,215
1652,575759.5560,960129.1404,468.0021,215
1653,575343.2477,960139.6732,478.2104,215
1654,575342.2106,960132.1467,475.3788,215
1655,575343.2010,960139.7776,472.2730,215
1656,575341.3603,960136.3552,482.9563,215
1657,575147.0057,960161.1248,469.8552,215
1658,575146.1528,960153.5134,472.8827,215
1659,575146.9915,960161.1406,475.8627,215
1660,575146.6449,960157.8924,480.3187,215
1661,574948.4915,960184.0220,459.9535,215
1662,574947.0791,960176.5454,462.8804,215
1663,574948.4150,960183.9099,465.9183,215
1664,574947.9267,960180.5241,470.3762,215
1665,574755.0438,960206.3720,444.6478,215
1666,574754.3682,960198.8223,447.5747,215
1667,574755.1746,960206.3567,450.8348,215
1668,574754.7222,960201.7080,454.7469,215
1669,574556.8525,960218.2169,431.2816,215
1670,574556.0604,960210.5389,434.3547,215
1671,574556.5252,960218.0812,437.3755,215
1672,574556.4189,960214.6161,441.6223,215
1673,574355.4792,960230.2287,427.9061,215
1674,574354.9861,960222.6885,430.9238,215
1675,574355.5224,960230.1125,433.9003,215
1676,574355.2356,960226.8969,438.2112,215
1677,574126.3030,960243.7034,422.9047,215
1678,574125.8744,960236.2943,426.0343,215
1679,574126.5098,960243.8971,428.9718,215
1680,574126.3326,960241.2251,433.5668,215
1681,573920.7290,960285.1516,441.2015,215
1682,573921.3901,960288.0446,436.9389,215
1683,573919.4740,960280.8064,434.0050,215
1684,573921.3388,960288.2900,430.9651,215
1685,573707.9610,960328.6834,424.2893,215
1686,573711.6292,960335.0561,421.2191,215
1687,573707.1847,960322.3931,417.9464,215
1688,573712.5286,960335.0238,415.1254,215
1689,573704.2995,960338.0881,414.6226,215
1690,573699.1118,960325.3820,417.4289,215
1691,573704.5157,960337.7956,420.5318,215
1692,573703.2884,960330.7153,423.9300,215
1693,558888.0905,903330.1413,603.7857,215
1694,559488.5248,903882.7856,544.0008,215
1695,558137.0799,902490.9414,603.4607,215
1696,558138.4827,902486.7955,596.2548,215
1697,558138.5699,902486.6001,589.0899,215
1698,558138.5187,902486.4414,581.9264,215
1699,558132.7639,902493.5356,602.9542,215
1700,558128.6533,902491.6610,593.8848,215
1701,558128.1027,902491.9751,587.4536,215
1702,558062.2374,902453.4736,574.1391,215
1703,558067.4219,902464.1975,569.1261,215
1704,558066.6909,902470.3232,568.3964,215
1705,558127.5423,902492.4593,580.8386,215
1706,558064.3319,902476.1138,567.3812,215
1707,557789.7058,902660.6497,570.2205,215
1708,557789.9780,902661.6469,557.3382,215
1709,557790.7936,902661.4966,544.9347,215
1710,558006.0993,902807.5459,545.6771,215
1711,558011.0567,902797.1365,545.4815,215
1712,558016.3663,902786.8986,546.4332,215
1713,557799.9782,902633.8923,570.5327,215
1714,557800.0733,902634.5557,557.9177,215
1715,557802.0061,902634.9568,545.0067,215
1716,558040.4245,902740.7418,547.1194,215
1717,558045.7361,902730.5317,546.8757,215
1718,558051.2138,902720.2988,547.4852,215
1719,575950.1072,959586.4474,438.6525,215
1720,575908.1836,959600.3068,431.8287,215
1721,575955.4576,959587.4259,438.2412,215
1722,576049.9804,959642.2635,446.9508,215
1723,575258.6982,959565.8752,521.0877,215
