1,1559781.353,2101077.652,306.7291,09;59;18 AM
2,1559902.574,2101043.757,312.2082,09;59;36 AM
3,1559839.241,2100799.852,309.8108,09;59;55 AM
4,1559895.696,2100511.199,311.4624,10;00;05 AM
5,1560115.011,2100267.656,311.5804,10;00;16 AM
6,1560328.029,2100018.654,315.781,10;00;26 AM
7,1560543.82,2099772.342,320.6709,10;00;36 AM
8,1560759.01,2099525.311,323.8969,10;00;46 AM
9,1560907.695,2099246.922,326.9285,10;00;56 AM
10,1560664.871,2099093.137,329.1094,10;01;10 AM
11,1560340.555,2099139.579,329.7569,10;01;24 AM
12,1560018.235,2099197.363,334.6753,10;01;38 AM
13,1559695.118,2099252.421,337.6154,10;01;53 AM
14,1559372.196,2099309.038,339.8001,10;02;07 AM
15,1559054.227,2099383.638,343.2978,10;02;21 AM
16,1558751.013,2099508.441,342.6891,10;02;35 AM
17,1558449.477,2099637.381,342.7772,10;02;49 AM
18,1558152.702,2099775.486,343.5081,10;03;04 AM
19,1557893.864,2099976.869,343.6338,10;03;18 AM
20,1557634.306,2100176.658,345.9799,10;03;32 AM
21,1557372.348,2100373.133,343.7217,10;03;47 AM
22,1557112.907,2100573.609,345.0769,10;04;01 AM
23,1556850.53,2100770.165,344.3686,10;04;15 AM
24,1556590.486,2100969.438,344.5511,10;04;29 AM
25,1556543.016,2101243.929,342.7278,10;04;44 AM
26,1556827.287,2101176.972,343.7271,10;04;59 AM
27,1557085.649,2100975.797,344.879,10;05;13 AM
28,1557348.283,2100779.922,343.8953,10;05;27 AM
29,1557607.264,2100578.87,344.2711,10;05;42 AM
30,1557865.809,2100377.396,344.2432,10;05;56 AM
31,1558125.829,2100177.794,343.5554,10;06;10 AM
32,1558404.445,2100007.702,343.8684,10;06;25 AM
33,1558700.606,2099866.94,344.3533,10;06;39 AM
34,1559000.234,2099733.919,343.0331,10;06;53 AM
35,1559311.736,2099636.319,342.6343,10;07;08 AM
36,1559634.361,2099577.915,339.9911,10;07;22 AM
37,1559957.0,2099520.769,336.5452,10;07;36 AM
38,1560279.74,2099463.72,333.7094,10;07;51 AM
39,1560602.91,2099409.209,330.2732,10;08;05 AM
40,1560924.152,2099343.182,329.5357,10;08;19 AM
41,1561206.356,2099404.328,329.6824,10;08;33 AM
42,1561097.832,2099653.759,331.5695,10;08;47 AM
43,1560882.392,2099434.018,330.6616,10;09;02 AM
44,1560565.439,2099498.987,328.4171,10;09;16 AM
45,1560259.976,2099617.368,330.4209,10;09;30 AM
46,1559954.699,2099736.921,330.6697,10;09;45 AM
47,1559650.203,2099858.201,331.7124,10;09;59 AM
48,1559344.634,2099976.935,333.6625,10;10;13 AM
49,1559039.975,2100097.967,335.202,10;10;28 AM
50,1558734.041,2100215.814,334.902,10;10;42 AM
51,1558429.465,2100336.689,337.9945,10;10;56 AM
52,1558125.227,2100458.167,337.2584,10;11;10 AM
53,1557819.242,2100575.268,339.3486,10;11;25 AM
54,1557514.521,2100695.684,340.8112,10;11;39 AM
55,1557209.371,2100815.424,341.8753,10;11;53 AM
56,1556904.461,2100935.713,343.1765,10;12;08 AM
57,1556604.856,2101063.222,343.1462,10;12;22 AM
58,1556685.95,2101333.43,342.73,10;12;36 AM
59,1556998.71,2101244.658,343.3591,10;12;51 AM
60,1557302.957,2101123.735,343.5885,10;13;05 AM
61,1557610.143,2101009.75,340.9493,10;13;20 AM
62,1557914.312,2100887.342,339.5757,10;13;34 AM
63,1558220.427,2100769.815,338.6376,10;13;49 AM
64,1558526.051,2100651.418,336.3032,10;14;03 AM
65,1558829.802,2100528.519,335.4775,10;14;17 AM
66,1559133.929,2100407.724,335.1328,10;14;32 AM
67,1559441.372,2100294.519,332.3814,10;14;46 AM
68,1559743.452,2100167.35,333.0134,10;15;00 AM
69,1560049.265,2100049.544,330.1363,10;15;15 AM
70,1560352.861,2099926.553,331.8629,10;15;29 AM
71,1560660.29,2099813.235,328.4447,10;15;43 AM
72,1560840.895,2100024.71,329.3531,10;15;57 AM
73,1560719.667,2100328.463,329.142,10;16;08 AM
74,1560569.655,2100619.406,323.522,10;16;18 AM
75,1560422.657,2100911.961,318.5053,10;16;28 AM
76,1560274.762,2101203.785,311.8155,10;16;38 AM
77,1560127.368,2101496.317,307.1753,10;16;49 AM
78,1560060.908,2101618.967,263.1219,10;17;29 AM
79,1560756.536,2100130.17,332.7278,11;07;40 AM
80,1560441.483,2100161.969,331.4768,11;07;54 AM
81,1560135.829,2100280.683,333.4319,11;08;08 AM
82,1559830.287,2100399.437,334.8032,11;08;22 AM
83,1559524.796,2100518.419,336.6489,11;08;37 AM
84,1559219.43,2100637.847,336.7981,11;08;51 AM
85,1558913.897,2100757.096,338.1635,11;09;05 AM
86,1558608.281,2100875.981,340.1906,11;09;20 AM
87,1558303.158,2100996.018,341.7715,11;09;34 AM
88,1557997.14,2101113.884,342.2602,11;09;48 AM
89,1557691.035,2101231.425,343.1363,11;10;02 AM
90,1557385.44,2101350.26,344.6959,11;10;17 AM
91,1557079.683,2101468.919,345.3069,11;10;31 AM
92,1556776.294,2101593.285,345.3057,11;10;45 AM
93,1556758.627,2101879.455,346.3957,11;11;00 AM
94,1557072.861,2101841.349,346.303,11;11;15 AM
95,1557377.782,2101720.628,346.2708,11;11;29 AM
96,1557683.67,2101602.644,345.8702,11;11;43 AM
97,1557990.122,2101488.1,341.6279,11;11;58 AM
98,1558293.249,2101363.767,340.7121,11;12;12 AM
99,1558597.186,2101240.637,340.1649,11;12;27 AM
100,1558902.904,2101122.042,339.0841,11;12;41 AM
101,1559207.565,2101000.963,337.9259,11;12;55 AM
102,1559513.711,2100883.806,336.1862,11;13;09 AM
103,1559819.324,2100765.359,334.0753,11;13;24 AM
104,1560122.652,2100641.505,333.7991,11;13;38 AM
105,1560428.518,2100523.582,332.018,11;13;53 AM
106,1560736.873,2100416.505,332.0419,11;14;07 AM
107,1560874.819,2100671.45,331.527,11;14;21 AM
108,1560594.969,2100829.285,332.3154,11;14;35 AM
109,1560288.891,2100947.047,332.4724,11;14;49 AM
110,1559983.716,2101067.249,332.433,11;15;03 AM
111,1559677.62,2101184.783,334.941,11;15;18 AM
112,1559372.186,2101304.319,335.3904,11;15;32 AM
113,1559066.4,2101422.898,336.8892,11;15;46 AM
114,1558761.498,2101543.709,338.7083,11;16;00 AM
115,1558455.78,2101662.481,339.4629,11;16;15 AM
116,1558149.722,2101780.148,341.8608,11;16;29 AM
117,1557844.295,2101899.717,342.3098,11;16;43 AM
118,1557538.333,2102017.552,344.6211,11;16;57 AM
119,1557233.498,2102138.146,344.6251,11;17;12 AM
120,1556942.835,2102279.59,346.1092,11;17;26 AM
121,1557048.159,2102538.589,336.5249,11;17;41 AM
122,1557348.278,2102409.707,334.2028,11;17;52 AM
123,1557655.804,2102295.712,334.6022,11;18;02 AM
124,1557963.718,2102182.833,335.6312,11;18;12 AM
125,1558271.458,2102069.533,337.5005,11;18;22 AM
126,1558581.5,2101962.79,338.5646,11;18;32 AM
127,1558888.844,2101849.326,338.6663,11;18;44 AM
128,1559195.617,2101733.349,338.808,11;18;58 AM
129,1559501.316,2101615.734,338.2069,11;19;12 AM
130,1559806.299,2101495.725,335.1263,11;19;27 AM
131,1560111.96,2101377.264,333.1792,11;19;41 AM
132,1560409.307,2101347.603,331.1654,11;19;56 AM
133,1560311.292,2101587.919,331.9577,11;20;09 AM
134,1560069.802,2101601.049,302.1276,11;20;38 AM
135,1554585.688,2099769.139,303.1621,12;59;33 PM
136,1554673.782,2099815.127,321.1163,12;59;48 PM
137,1554872.596,2099813.467,324.2811,01;00;04 PM
138,1555147.887,2099645.168,322.5114,01;00;16 PM
139,1555031.386,2099390.623,322.3513,01;00;27 PM
140,1554862.473,2099110.349,325.5209,01;00;36 PM
141,1554709.898,2098820.155,327.0175,01;00;47 PM
142,1554556.565,2098530.458,329.7033,01;00;57 PM
143,1554406.903,2098238.766,331.8829,01;01;07 PM
144,1554250.722,2097951.695,333.7888,01;01;17 PM
145,1553950.872,2097973.904,336.5973,01;01;27 PM
146,1554008.627,2098274.954,336.5731,01;01;42 PM
147,1554181.933,2098553.273,336.558,01;01;57 PM
148,1554362.815,2098826.525,336.6691,01;02;11 PM
149,1554531.135,2099107.973,337.2972,01;02;25 PM
150,1554736.88,2099360.682,337.0211,01;02;40 PM
151,1555033.624,2099487.686,337.4801,01;02;54 PM
152,1555353.436,2099559.648,336.3514,01;03;09 PM
153,1555674.807,2099623.431,336.3593,01;03;23 PM
154,1555995.189,2099692.235,337.3934,01;03;37 PM
155,1556250.526,2099883.399,336.8701,01;03;51 PM
156,1556415.167,2100166.593,337.7675,01;04;06 PM
157,1556588.275,2100444.758,336.8586,01;04;20 PM
158,1556477.924,2100593.159,339.1487,01;04;34 PM
159,1556305.814,2100678.828,336.3635,01;04;49 PM
160,1556603.833,2100602.184,337.0443,01;05;03 PM
161,1556876.728,2100420.794,336.5606,01;05;18 PM
162,1556743.0,2100250.292,336.6118,01;05;31 PM
163,1556454.967,2100404.941,335.9042,01;05;45 PM
164,1556608.871,2100576.138,338.2757,01;06;00 PM
165,1556822.237,2100366.356,337.0614,01;06;15 PM
166,1556688.668,2100067.555,337.3911,01;06;29 PM
167,1556532.706,2099779.191,336.9128,01;06;43 PM
168,1556323.179,2099529.059,336.2257,01;06;57 PM
169,1556021.762,2099411.19,337.4584,01;07;12 PM
170,1555701.785,2099342.594,336.3828,01;07;26 PM
171,1555381.944,2099270.807,336.4366,01;07;40 PM
172,1555061.592,2099200.804,335.4096,01;07;54 PM
173,1554829.831,2098987.215,338.7105,01;08;09 PM
174,1554681.739,2098695.342,337.6428,01;08;23 PM
175,1554529.019,2098405.829,338.8425,01;08;37 PM
176,1554372.821,2098118.064,337.255,01;08;52 PM
177,1554116.106,2098013.07,337.4077,01;09;05 PM
178,1554083.837,2098297.802,335.1136,01;09;18 PM
179,1554214.696,2098598.404,332.6519,01;09;28 PM
180,1554343.674,2098899.831,329.5381,01;09;38 PM
181,1554469.688,2099202.447,325.8854,01;09;48 PM
182,1554588.196,2099503.104,320.7389,01;10;08 PM
183,1554588.46,2099518.299,260.5369,01;11;03 PM
184,1553183.723,2099960.307,281.0219,03;33;14 PM
185,1553323.312,2099858.657,297.6343,03;33;27 PM
186,1553232.172,2100124.441,314.2039,03;33;40 PM
187,1553156.021,2099866.446,328.6471,03;33;52 PM
188,1552982.899,2099599.636,331.5204,03;34;03 PM
189,1552684.705,2099481.795,328.644,03;34;14 PM
190,1552434.483,2099292.093,328.7286,03;34;24 PM
191,1552489.347,2098971.342,332.9525,03;34;35 PM
192,1552342.894,2098711.479,338.4783,03;34;45 PM
193,1552060.115,2098849.904,332.4334,03;34;59 PM
194,1551820.024,2099073.351,332.6169,03;35;13 PM
195,1551578.977,2099295.685,333.6936,03;35;27 PM
196,1551305.82,2099467.214,333.7192,03;35;42 PM
197,1550978.343,2099479.275,334.4544,03;35;56 PM
198,1550650.342,2099478.162,333.9007,03;36;10 PM
199,1550322.533,2099478.793,335.2358,03;36;25 PM
200,1549994.61,2099476.774,334.5818,03;36;39 PM
201,1549765.222,2099322.55,335.9271,03;36;53 PM
202,1549979.138,2099143.674,335.4249,03;37;06 PM
203,1550277.242,2099212.825,333.5716,03;37;18 PM
204,1550303.974,2099537.629,334.1914,03;37;32 PM
205,1550302.325,2099865.345,338.4755,03;37;46 PM
206,1550302.133,2100192.788,344.3531,03;38;00 PM
207,1550303.063,2100520.266,350.1984,03;38;15 PM
208,1550301.927,2100847.82,355.6214,03;38;29 PM
209,1550300.533,2101175.445,360.5925,03;38;43 PM
210,1550299.099,2101503.114,364.6701,03;38;57 PM
211,1550292.905,2101830.857,360.9268,03;39;12 PM
212,1550288.089,2102158.71,357.9067,03;39;26 PM
213,1550282.755,2102486.426,353.9563,03;39;40 PM
214,1550276.795,2102814.218,350.8282,03;39;54 PM
215,1550272.156,2103141.859,347.5655,03;40;09 PM
216,1550024.17,2103220.822,348.561,03;40;23 PM
217,1549979.668,2102900.549,349.7761,03;40;38 PM
218,1549988.809,2102572.902,352.1331,03;40;52 PM
219,1549993.358,2102245.111,354.6528,03;41;07 PM
220,1550001.662,2101918.175,359.1252,03;41;21 PM
221,1550010.304,2101590.803,361.4188,03;41;35 PM
222,1550012.584,2101263.431,365.4998,03;41;50 PM
223,1550013.503,2100935.71,365.6269,03;42;04 PM
224,1550013.519,2100608.648,360.0316,03;42;18 PM
225,1550015.033,2100281.066,357.4131,03;42;33 PM
226,1550011.348,2099953.314,355.1524,03;42;47 PM
227,1550015.857,2099627.321,348.9624,03;43;01 PM
228,1549984.384,2099306.392,349.3246,03;43;16 PM
229,1549789.328,2099444.254,346.9543,03;43;27 PM
230,1549870.526,2099741.901,345.7189,03;43;40 PM
231,1550193.772,2099775.84,345.477,03;43;55 PM
232,1550521.053,2099782.131,340.6469,03;44;09 PM
233,1550848.408,2099767.562,337.9171,03;44;24 PM
234,1551175.775,2099770.059,335.71,03;44;38 PM
235,1551489.894,2099688.072,332.8125,03;44;53 PM
236,1551752.557,2099496.482,331.7983,03;45;07 PM
237,1551994.145,2099275.551,335.1302,03;45;21 PM
238,1552231.526,2099049.772,334.0207,03;45;36 PM
239,1552478.809,2098834.994,332.1325,03;45;50 PM
240,1552712.386,2098605.89,330.2089,03;46;05 PM
241,1553009.402,2098497.752,333.6174,03;46;19 PM
242,1553336.973,2098499.673,332.5376,03;46;33 PM
243,1553664.193,2098509.576,332.1889,03;46;47 PM
244,1553991.949,2098513.069,334.8927,03;47;02 PM
245,1554319.348,2098525.426,333.1627,03;47;16 PM
246,1554637.707,2098507.911,331.2571,03;47;31 PM
247,1554578.561,2098242.282,334.8414,03;47;44 PM
248,1554252.69,2098219.384,332.2841,03;47;59 PM
249,1553925.67,2098212.92,332.5112,03;48;13 PM
250,1553598.217,2098208.066,333.4926,03;48;27 PM
251,1553270.442,2098205.962,333.4586,03;48;41 PM
252,1552942.714,2098201.629,330.6896,03;48;56 PM
253,1552635.336,2098294.002,332.9039,03;49;10 PM
254,1552395.374,2098515.199,332.3512,03;49;24 PM
255,1552162.024,2098744.762,329.9471,03;49;38 PM
256,1551924.305,2098970.386,332.5822,03;49;52 PM
257,1552088.226,2099199.597,331.5845,03;50;04 PM
258,1552369.015,2099369.09,332.3849,03;50;14 PM
259,1552645.092,2099545.819,334.355,03;50;24 PM
260,1552911.164,2099735.431,330.9011,03;50;39 PM
261,1552959.244,2099769.175,249.9174,03;51;30 PM
262,1548449.46,2105542.74,295.5839,09;09;41 AM
263,1548261.427,2105356.965,302.4217,09;09;51 AM
264,1548262.85,2105673.092,302.7855,09;10;02 AM
265,1548111.011,2105837.127,301.0616,09;10;14 AM
266,1548112.798,2105511.105,301.2633,09;10;27 AM
267,1548056.875,2105200.853,300.9236,09;10;38 AM
268,1548208.902,2104910.931,306.2422,09;10;49 AM
269,1548143.746,2104615.821,310.1318,09;11;00 AM
270,1547849.987,2104710.469,310.2395,09;11;14 AM
271,1547601.207,2104923.937,310.0014,09;11;29 AM
272,1547356.663,2105142.193,310.2642,09;11;43 AM
273,1547112.474,2105361.061,309.5812,09;11;58 AM
274,1546908.818,2105613.282,309.9783,09;12;12 AM
275,1546810.37,2105919.266,310.1278,09;12;26 AM
276,1546801.828,2106246.907,309.0513,09;12;41 AM
277,1546799.599,2106574.803,309.7128,09;12;55 AM
278,1546795.509,2106902.632,309.2865,09;13;09 AM
279,1546790.037,2107230.531,309.2726,09;13;23 AM
280,1546904.299,2107496.388,309.2646,09;13;38 AM
281,1547098.387,2107309.693,308.9326,09;13;52 AM
282,1547110.918,2106981.944,309.4049,09;14;06 AM
283,1547114.981,2106654.035,309.5627,09;14;21 AM
284,1547125.68,2106326.565,309.114,09;14;35 AM
285,1547134.323,2105998.869,308.5673,09;14;49 AM
286,1547258.008,2105700.418,309.0944,09;15;03 AM
287,1547484.589,2105463.593,308.711,09;15;18 AM
288,1547713.759,2105229.036,308.9165,09;15;32 AM
289,1548012.267,2105114.89,308.8104,09;15;46 AM
290,1548340.019,2105121.018,309.6242,09;16;01 AM
291,1548667.813,2105127.04,309.3284,09;16;15 AM
292,1548995.751,2105130.039,309.2961,09;16;29 AM
293,1549323.704,2105131.518,309.1867,09;16;44 AM
294,1549651.669,2105134.221,309.511,09;16;58 AM
295,1549779.884,2105371.738,309.8152,09;17;11 AM
296,1549478.484,2105453.628,309.3691,09;17;24 AM
297,1549382.372,2105161.566,308.799,09;17;38 AM
298,1549381.945,2104833.905,312.4592,09;17;52 AM
299,1549378.731,2104506.73,319.0564,09;18;06 AM
300,1549381.964,2104179.201,323.9394,09;18;20 AM
301,1549380.636,2103852.082,329.6794,09;18;35 AM
302,1549382.023,2103525.013,336.4131,09;18;49 AM
303,1549460.317,2103213.263,339.126,09;19;03 AM
304,1549707.702,2102999.792,340.698,09;19;18 AM
305,1549966.07,2102798.044,338.704,09;19;32 AM
306,1550218.895,2102589.651,340.0662,09;19;46 AM
307,1550426.89,2102779.716,339.3755,09;20;00 AM
308,1550198.901,2103007.166,340.271,09;20;15 AM
309,1549930.366,2103195.422,339.4119,09;20;29 AM
310,1549719.544,2103431.303,338.9306,09;20;44 AM
311,1549694.952,2103757.187,338.7102,09;20;58 AM
312,1549688.176,2104083.679,330.9496,09;21;12 AM
313,1549686.809,2104410.853,325.0705,09;21;26 AM
314,1549681.352,2104737.844,318.5269,09;21;41 AM
315,1549681.737,2105065.5,314.9536,09;21;55 AM
316,1549789.469,2105333.765,309.9694,09;22;09 AM
317,1549965.454,2105111.764,309.2655,09;22;21 AM
318,1549820.199,2104869.959,308.1548,09;22;34 AM
319,1549493.69,2104851.899,309.9319,09;22;49 AM
320,1549166.061,2104846.209,310.1282,09;23;03 AM
321,1548838.379,2104835.494,309.7662,09;23;17 AM
322,1548510.529,2104830.682,310.3309,09;23;32 AM
323,1548182.747,2104822.344,309.7945,09;23;46 AM
324,1547854.9,2104813.206,309.674,09;24;01 AM
325,1547588.555,2104920.349,311.9673,09;24;15 AM
326,1547699.857,2105225.294,308.049,09;24;26 AM
327,1547854.518,2105513.838,302.0961,09;24;36 AM
328,1547972.806,2105739.051,271.9672,09;25;07 AM
329,1546914.665,2108187.812,305.3956,11;12;29 AM
330,1546667.85,2107986.506,306.3596,11;12;39 AM
331,1546558.13,2107689.572,306.7012,11;12;49 AM
332,1546839.811,2107570.435,308.0472,11;12;59 AM
333,1547138.291,2107438.457,310.1768,11;13;09 AM
334,1547408.492,2107255.555,313.0125,11;13;19 AM
335,1547447.178,2106941.104,315.5574,11;13;32 AM
336,1547142.366,2106857.625,314.6178,11;13;46 AM
337,1546814.647,2106854.372,315.6696,11;14;00 AM
338,1546487.132,2106848.064,313.1893,11;14;15 AM
339,1546188.03,2106748.485,314.9102,11;14;29 AM
340,1545958.437,2106514.648,313.8422,11;14;43 AM
341,1545705.52,2106308.628,315.158,11;14;58 AM
342,1545428.716,2106132.884,316.0942,11;15;12 AM
343,1545148.345,2105963.118,314.013,11;15;26 AM
344,1544867.434,2105794.255,315.0672,11;15;41 AM
345,1544578.62,2105712.683,315.6467,11;15;55 AM
346,1544639.166,2106005.961,313.8053,11;16;08 AM
347,1544832.219,2106271.023,313.8638,11;16;21 AM
348,1544751.392,2106483.04,314.3267,11;16;34 AM
349,1544478.021,2106304.244,314.5532,11;16;49 AM
350,1544326.512,2106054.28,314.344,11;17;03 AM
351,1544593.995,2105995.21,314.5788,11;17;17 AM
352,1544876.931,2106161.134,314.8851,11;17;31 AM
353,1545158.996,2106328.573,314.5739,11;17;45 AM
354,1545443.309,2106492.035,315.9424,11;18;00 AM
355,1545708.986,2106683.907,316.8669,11;18;14 AM
356,1545962.014,2106891.68,314.4674,11;18;28 AM
357,1546222.282,2107091.287,315.6687,11;18;43 AM
358,1546542.852,2107142.509,315.6785,11;18;57 AM
359,1546870.817,2107148.083,316.0943,11;19;11 AM
360,1547197.986,2107145.966,315.7346,11;19;26 AM
361,1547297.244,2106854.825,315.8721,11;19;40 AM
362,1547012.049,2106746.663,317.2449,11;19;52 AM
363,1546697.942,2106821.645,318.66,11;20;03 AM
364,1546400.74,2106959.822,315.8929,11;20;17 AM
365,1546107.861,2107107.177,317.4803,11;20;31 AM
366,1545812.223,2107248.944,317.1324,11;20;45 AM
367,1545516.564,2107390.029,316.3881,11;21;00 AM
368,1545236.324,2107359.371,316.1017,11;21;14 AM
369,1545140.083,2107046.219,317.0118,11;21;27 AM
370,1545294.391,2106808.82,316.7921,11;21;39 AM
371,1545603.567,2106774.922,317.2929,11;21;51 AM
372,1545703.863,2107081.081,317.2385,11;22;05 AM
373,1545756.989,2107404.694,319.0338,11;22;20 AM
374,1545810.198,2107727.501,321.3494,11;22;34 AM
375,1545860.51,2108051.447,322.7955,11;22;48 AM
376,1545915.178,2108374.686,325.7588,11;23;03 AM
377,1545966.911,2108698.269,328.1441,11;23;17 AM
378,1546018.639,2109021.64,328.8663,11;23;31 AM
379,1546013.46,2109334.22,330.7599,11;23;45 AM
380,1545750.55,2109289.915,331.5746,11;24;00 AM
381,1545686.674,2108968.57,330.06,11;24;14 AM
382,1545634.342,2108644.781,328.7424,11;24;29 AM
383,1545582.919,2108321.051,326.3253,11;24;43 AM
384,1545529.37,2107997.682,325.7072,11;24;57 AM
385,1545482.727,2107673.378,321.7595,11;25;12 AM
386,1545425.355,2107350.572,320.9727,11;25;26 AM
387,1545372.668,2107027.089,318.6053,11;25;40 AM
388,1545121.783,2106909.425,318.5083,11;25;54 AM
389,1544958.04,2107128.144,316.9709,11;26;06 AM
390,1545251.7,2107174.872,317.491,11;26;20 AM
391,1545550.35,2107039.299,317.6631,11;26;34 AM
392,1545847.574,2106900.557,317.3896,11;26;49 AM
393,1546145.088,2106762.442,317.9939,11;27;03 AM
394,1546444.006,2106749.381,317.5287,11;27;17 AM
395,1546699.84,2106954.42,315.0125,11;27;27 AM
396,1546949.684,2107166.554,310.9566,11;27;37 AM
397,1547201.266,2107376.839,308.4571,11;27;47 AM
398,1547451.539,2107587.899,304.0836,11;27;59 AM
399,1547501.971,2107660.992,236.4026,11;28;44 AM
400,1543873.08,2110361.606,335.7899,01;05;52 PM
401,1544023.087,2110639.962,345.6543,01;06;03 PM
402,1544237.343,2110469.298,343.8486,01;06;13 PM
403,1544288.271,2110152.29,344.611,01;06;23 PM
404,1544468.113,2109878.211,345.8989,01;06;33 PM
405,1544730.503,2109718.406,345.7411,01;06;43 PM
406,1544884.561,2109973.404,345.8613,01;06;57 PM
407,1544880.272,2110301.335,345.9556,01;07;12 PM
408,1544872.329,2110629.07,349.0048,01;07;26 PM
409,1544864.702,2110956.516,353.4537,01;07;40 PM
410,1544852.681,2111284.256,354.0275,01;07;54 PM
411,1544707.442,2111527.217,356.7743,01;08;09 PM
412,1544538.244,2111316.177,354.7271,01;08;23 PM
413,1544540.827,2110988.704,354.6714,01;08;38 PM
414,1544548.348,2110661.523,353.4991,01;08;52 PM
415,1544552.199,2110334.263,351.989,01;09;06 PM
416,1544561.944,2110006.623,350.8838,01;09;21 PM
417,1544567.609,2109678.731,349.2345,01;09;35 PM
418,1544573.235,2109350.775,348.6954,01;09;49 PM
419,1544583.888,2109023.091,346.6144,01;10;04 PM
420,1544588.415,2108695.163,345.4115,01;10;18 PM
421,1544589.603,2108367.551,345.1205,01;10;32 PM
422,1544317.637,2108238.229,344.1207,01;10;46 PM
423,1543997.98,2108256.91,344.8199,01;10;58 PM
424,1543924.496,2108568.811,345.5276,01;11;10 PM
425,1543985.653,2108871.01,344.6903,01;11;23 PM
426,1544306.212,2108925.766,342.1247,01;11;37 PM
427,1544634.143,2108926.999,343.7363,01;11;52 PM
428,1544962.012,2108935.132,343.196,01;12;06 PM
429,1545289.956,2108941.514,343.2576,01;12;20 PM
430,1545617.534,2108949.353,342.9424,01;12;34 PM
431,1545945.433,2108956.523,342.9805,01;12;49 PM
432,1546271.805,2108948.804,343.0609,01;13;03 PM
433,1546276.901,2108680.159,344.366,01;13;18 PM
434,1545952.81,2108641.348,343.3428,01;13;32 PM
435,1545624.967,2108632.549,343.6281,01;13;46 PM
436,1545297.114,2108622.639,343.1747,01;14;01 PM
437,1544969.289,2108612.57,343.271,01;14;15 PM
438,1544641.465,2108606.313,344.7675,01;14;29 PM
439,1544313.792,2108595.452,343.7357,01;14;43 PM
440,1543986.341,2108584.516,341.4631,01;14;58 PM
441,1543852.908,2108326.46,343.4683,01;15;11 PM
442,1544078.428,2108157.356,342.0206,01;15;23 PM
443,1544288.961,2108342.655,342.6434,01;15;36 PM
444,1544290.597,2108670.396,343.4805,01;15;51 PM
445,1544284.047,2108998.156,343.4729,01;16;05 PM
446,1544274.893,2109325.774,342.823,01;16;19 PM
447,1544270.995,2109653.528,343.4361,01;16;33 PM
448,1544261.861,2109981.122,342.4182,01;16;48 PM
449,1544254.864,2110308.785,342.337,01;17;02 PM
450,1544250.091,2110636.599,342.5754,01;17;16 PM
451,1544474.935,2110590.964,342.6603,01;17;31 PM
452,1544345.543,2110329.287,344.6832,01;17;45 PM
453,1544056.407,2110175.623,341.5459,01;18;00 PM
454,1543762.198,2110030.796,339.6808,01;18;14 PM
455,1543468.719,2109884.537,338.0305,01;18;28 PM
456,1543175.589,2109737.635,335.7771,01;18;43 PM
457,1542881.972,2109591.866,332.9696,01;18;57 PM
458,1542588.923,2109444.58,331.4347,01;19;11 PM
459,1542351.429,2109251.352,328.8394,01;19;25 PM
460,1542565.987,2109092.97,328.7518,01;19;40 PM
461,1542862.312,2109232.711,330.0342,01;19;54 PM
462,1543153.69,2109383.07,332.2602,01;20;08 PM
463,1543445.743,2109532.109,334.9418,01;20;23 PM
464,1543736.971,2109682.975,336.1669,01;20;37 PM
465,1544028.257,2109833.417,339.1315,01;20;51 PM
466,1544320.542,2109982.038,341.5116,01;21;06 PM
467,1544398.074,2110216.294,342.4897,01;21;24 PM
468,1544328.601,2110162.045,331.0809,01;22;11 PM
469,1544326.282,2110128.259,236.3434,01;23;05 PM
470,1544335.844,2110146.89,328.493,10;41;33 AM
471,1544303.752,2110143.313,327.1993,10;41;58 AM
472,1544255.129,2110169.52,325.7338,10;42;22 AM
473,1544297.252,2110178.552,334.978,10;42;48 AM
474,1544518.955,2110420.273,336.4587,10;42;58 AM
475,1544421.121,2110455.435,335.695,10;43;16 AM
476,1544132.827,2110298.947,335.9236,10;43;30 AM
477,1543844.598,2110142.358,335.9659,10;43;44 AM
478,1543556.081,2109986.336,336.4989,10;43;59 AM
479,1543268.022,2109829.491,336.051,10;44;13 AM
480,1542979.798,2109672.874,336.1155,10;44;27 AM
481,1542691.413,2109516.539,336.291,10;44;42 AM
482,1542403.262,2109359.815,336.2861,10;44;56 AM
483,1542114.825,2109203.655,336.5603,10;45;10 AM
484,1541826.49,2109047.287,336.3934,10;45;25 AM
485,1541537.83,2108891.599,335.8733,10;45;39 AM
486,1541300.165,2108718.978,336.6485,10;45;55 AM
487,1541329.968,2108392.499,337.576,10;46;09 AM
488,1541452.073,2108505.243,336.0693,10;46;28 AM
489,1541446.724,2108833.196,334.4767,10;46;42 AM
490,1541440.46,2109161.16,334.8509,10;46;56 AM
491,1541433.537,2109489.116,334.593,10;47;11 AM
492,1541427.543,2109817.089,335.4234,10;47;25 AM
493,1541638.31,2109976.493,336.3214,10;47;41 AM
494,1541754.586,2109803.399,337.1538,10;47;58 AM
495,1541760.243,2109475.425,337.1617,10;48;12 AM
496,1541765.058,2109147.456,337.3058,10;48;26 AM
497,1541769.774,2108819.497,336.7772,10;48;41 AM
498,1541776.344,2108491.582,336.9634,10;48;55 AM
499,1541895.59,2108646.508,336.3308,10;49;14 AM
500,1541891.355,2108974.468,335.5846,10;49;29 AM
501,1541703.602,2108981.746,336.7651,10;49;46 AM
502,1541415.442,2108825.032,337.1124,10;50;00 AM
503,1541126.164,2108670.417,337.2449,10;50;14 AM
504,1540838.357,2108513.103,337.0905,10;50;29 AM
505,1540549.904,2108356.922,337.4196,10;50;43 AM
506,1540261.525,2108200.599,337.4832,10;50;57 AM
507,1539973.445,2108043.783,338.0693,10;51;12 AM
508,1539684.89,2107887.854,338.083,10;51;26 AM
509,1539396.162,2107732.202,337.7504,10;51;40 AM
510,1539107.922,2107575.595,337.8843,10;51;54 AM
511,1539148.092,2107276.701,338.0491,10;52;11 AM
512,1539402.587,2107363.41,337.2962,10;52;28 AM
513,1539690.558,2107520.442,337.3879,10;52;42 AM
514,1539979.157,2107676.323,337.3348,10;52;57 AM
515,1540268.126,2107831.55,337.4465,10;53;11 AM
516,1540556.253,2107988.314,337.4218,10;53;26 AM
517,1540844.687,2108144.342,338.2395,10;53;40 AM
518,1541132.941,2108300.828,338.295,10;53;54 AM
519,1541421.457,2108456.827,338.0219,10;54;08 AM
520,1541710.073,2108612.557,338.0215,10;54;23 AM
521,1541997.857,2108769.955,337.7607,10;54;37 AM
522,1542286.703,2108925.412,337.8286,10;54;51 AM
523,1542575.104,2109081.699,337.9371,10;55;05 AM
524,1542863.382,2109238.167,338.5514,10;55;20 AM
525,1543151.398,2109395.059,338.7713,10;55;34 AM
526,1543440.068,2109550.827,339.0903,10;55;48 AM
527,1543728.502,2109707.026,338.5078,10;56;03 AM
528,1544016.907,2109863.299,338.8175,10;56;17 AM
529,1544305.314,2110019.559,338.8409,10;56;31 AM
530,1544593.94,2110175.359,338.9927,10;56;46 AM
531,1544541.736,2110237.963,327.1786,10;57;11 AM
532,1544302.723,2110147.9,265.415,10;57;35 AM
533,1560032.398,2101432.128,334.7079,07;44;18 AM
534,1560062.575,2101416.928,334.5324,07;44;36 AM
535,1560032.918,2101414.001,334.7111,07;44;55 AM
536,1559910.469,2101414.479,335.5416,07;45;12 AM
537,1559656.484,2101206.885,336.0587,07;45;22 AM
538,1559404.147,2100997.269,336.3092,07;45;32 AM
539,1559150.986,2100788.65,336.3036,07;45;42 AM
540,1558898.319,2100579.428,336.3983,07;45;52 AM
541,1558645.454,2100370.446,336.3555,07;46;02 AM
542,1558392.195,2100161.95,336.3672,07;46;12 AM
543,1558139.168,2099953.166,336.4056,07;46;22 AM
544,1558314.61,2099840.601,335.6023,07;46;39 AM
545,1558639.687,2099796.652,335.7329,07;46;53 AM
546,1558964.702,2099752.194,335.7804,07;47;08 AM
547,1559289.874,2099708.911,335.9239,07;47;22 AM
548,1559615.048,2099665.615,335.971,07;47;36 AM
549,1559940.118,2099621.658,336.2467,07;47;51 AM
550,1560265.255,2099578.127,336.4819,07;48;05 AM
551,1560590.312,2099533.968,336.3616,07;48;19 AM
552,1560875.959,2099524.744,335.6846,07;48;37 AM
553,1560825.866,2099834.069,335.612,07;48;53 AM
554,1560501.695,2099877.894,336.1722,07;49;07 AM
555,1560176.54,2099921.27,336.3801,07;49;21 AM
556,1559851.499,2099965.55,336.4264,07;49;36 AM
557,1559526.452,2100009.74,336.5224,07;49;50 AM
558,1559201.184,2100052.29,336.5881,07;50;04 AM
559,1558876.082,2100096.088,336.7019,07;50;19 AM
560,1558551.132,2100140.999,336.6755,07;50;33 AM
561,1558225.798,2100182.991,336.9857,07;50;47 AM
562,1557900.906,2100228.326,336.7846,07;51;02 AM
563,1557575.767,2100271.855,336.9943,07;51;16 AM
564,1557317.758,2100459.154,335.6797,07;51;30 AM
565,1557087.034,2100667.843,335.4325,07;51;47 AM
566,1557412.25,2100625.178,336.28,07;52;02 AM
567,1557737.173,2100580.116,336.3487,07;52;17 AM
568,1558062.326,2100536.829,336.3749,07;52;31 AM
569,1558387.552,2100494.026,336.4693,07;52;45 AM
570,1558712.624,2100450.071,336.5704,07;53;00 AM
571,1559037.792,2100406.813,336.6642,07;53;14 AM
572,1559362.93,2100363.378,336.8193,07;53;28 AM
573,1559688.113,2100320.149,336.7431,07;53;43 AM
574,1560013.208,2100276.269,336.7684,07;53;57 AM
575,1560338.272,2100232.219,336.8253,07;54;11 AM
576,1560663.371,2100188.459,336.8999,07;54;26 AM
577,1560639.571,2100376.128,335.2032,07;54;43 AM
578,1560408.976,2100553.612,336.0952,07;54;59 AM
579,1560083.913,2100597.67,336.644,07;55;13 AM
580,1559758.741,2100640.966,336.7967,07;55;27 AM
581,1559433.519,2100683.895,336.87,07;55;41 AM
582,1559108.392,2100727.503,336.8053,07;55;56 AM
583,1558783.251,2100771.014,337.0015,07;56;10 AM
584,1558457.976,2100813.522,337.0457,07;56;24 AM
585,1558132.844,2100857.064,337.1202,07;56;39 AM
586,1557807.748,2100900.904,337.0782,07;56;53 AM
587,1557482.604,2100944.414,337.111,07;57;07 AM
588,1557198.13,2101010.567,336.4131,07;57;25 AM
589,1557253.163,2101306.326,336.4538,07;57;41 AM
590,1557578.681,2101266.405,336.6418,07;57;55 AM
591,1557903.703,2101222.024,336.4894,07;58;10 AM
592,1558228.762,2101177.896,336.5244,07;58;24 AM
593,1558553.911,2101134.482,336.6597,07;58;38 AM
594,1558879.026,2101090.81,336.9831,07;58;52 AM
595,1559204.041,2101046.426,337.0717,07;59;07 AM
596,1559529.141,2101002.603,337.2332,07;59;21 AM
597,1559854.219,2100958.644,337.3499,07;59;35 AM
598,1560179.213,2100914.041,337.3767,07;59;50 AM
599,1560459.445,2100912.512,336.5843,08;00;07 AM
600,1560436.183,2101208.655,336.7581,08;00;24 AM
601,1560111.661,2101256.206,337.2903,08;00;38 AM
602,1559786.569,2101300.099,337.3968,08;00;52 AM
603,1559461.513,2101344.22,337.3638,08;01;06 AM
604,1559136.293,2101387.147,337.5359,08;01;21 AM
605,1558811.288,2101431.661,337.5184,08;01;35 AM
606,1558486.05,2101474.407,337.5275,08;01;49 AM
607,1558160.96,2101518.278,337.4172,08;02;04 AM
608,1557835.865,2101562.114,337.5551,08;02;18 AM
609,1557510.74,2101605.723,337.5575,08;02;32 AM
610,1557185.69,2101649.931,337.5343,08;02;46 AM
611,1556946.551,2101754.483,336.7439,08;03;04 AM
612,1557200.261,2101798.608,337.1405,08;03;18 AM
613,1557526.649,2101765.746,337.5013,08;03;28 AM
614,1557853.167,2101734.157,337.3974,08;03;38 AM
615,1558179.636,2101702.033,337.5953,08;03;48 AM
616,1558506.16,2101670.479,337.758,08;03;58 AM
617,1558830.663,2101636.555,329.2486,08;04;08 AM
618,1559152.497,2101601.072,313.3375,08;04;17 AM
619,1559472.973,2101566.59,294.7603,08;04;26 AM
620,1559789.726,2101532.917,271.2436,08;04;39 AM
621,1559979.676,2101461.687,304.7516,08;34;30 AM
622,1559999.246,2101442.278,333.3152,08;34;53 AM
623,1560008.297,2101435.722,333.4207,08;35;11 AM
624,1559910.25,2101508.298,335.4707,08;35;40 AM
625,1559586.307,2101456.776,336.6186,08;35;50 AM
626,1559262.533,2101404.042,336.8019,08;36;00 AM
627,1558938.525,2101352.745,336.8921,08;36;10 AM
628,1558614.879,2101299.246,337.0448,08;36;20 AM
629,1558290.854,2101248.071,337.0323,08;36;30 AM
630,1557967.081,2101195.332,337.1365,08;36;40 AM
631,1557643.18,2101143.364,337.2244,08;36;50 AM
632,1557319.329,2101091.127,337.2762,08;37;00 AM
633,1556995.495,2101038.749,337.3062,08;37;10 AM
634,1556671.544,2100987.111,337.4409,08;37;20 AM
635,1556771.385,2100802.43,336.7958,08;37;37 AM
636,1557046.651,2100623.997,336.9314,08;37;51 AM
637,1557321.629,2100445.113,337.0235,08;38;06 AM
638,1557596.884,2100266.684,337.0375,08;38;20 AM
639,1557872.265,2100088.433,337.0361,08;38;34 AM
640,1558147.701,2099910.26,337.1091,08;38;48 AM
641,1558422.662,2099731.365,337.0894,08;39;03 AM
642,1558698.327,2099553.55,337.1617,08;39;17 AM
643,1558993.446,2099426.722,336.6487,08;39;31 AM
644,1559315.26,2099363.251,336.8255,08;39;46 AM
645,1559636.834,2099298.435,336.8863,08;40;00 AM
646,1559958.655,2099234.865,336.9677,08;40;14 AM
647,1560280.435,2099171.064,337.0464,08;40;29 AM
648,1560601.953,2099106.034,337.0193,08;40;43 AM
649,1560854.966,2099130.794,336.1405,08;41;00 AM
650,1560823.427,2099393.397,336.1299,08;41;17 AM
651,1560503.504,2099465.766,336.7544,08;41;31 AM
652,1560182.744,2099534.494,336.6966,08;41;45 AM
653,1559861.968,2099603.158,336.8275,08;42;00 AM
654,1559541.193,2099671.766,336.9146,08;42;14 AM
655,1559220.353,2099740.062,336.9989,08;42;28 AM
656,1558905.224,2099821.718,337.1906,08;42;43 AM
657,1558630.633,2100000.96,336.4694,08;42;57 AM
658,1558354.203,2100177.584,336.5085,08;43;11 AM
659,1558078.135,2100354.766,336.6689,08;43;26 AM
660,1557801.775,2100531.505,336.8979,08;43;40 AM
661,1557525.464,2100708.316,336.7421,08;43;54 AM
662,1557249.395,2100885.483,337.0557,08;44;09 AM
663,1556973.53,2101062.971,337.2204,08;44;23 AM
664,1556789.906,2101266.834,336.4411,08;44;39 AM
665,1556889.367,2101579.421,336.4294,08;44;53 AM
666,1556990.964,2101891.328,336.8955,08;45;08 AM
667,1557092.246,2102203.346,336.9937,08;45;22 AM
668,1557263.522,2102369.392,336.9258,08;45;39 AM
669,1557174.365,2102072.352,337.1822,08;45;56 AM
670,1557070.01,2101761.383,337.3353,08;46;10 AM
671,1556965.661,2101450.399,337.4559,08;46;24 AM
672,1556862.326,2101139.065,337.3443,08;46;38 AM
673,1556758.182,2100827.996,337.4701,08;46;53 AM
674,1556924.328,2100606.773,337.8462,08;47;09 AM
675,1557078.94,2100749.98,336.7724,08;47;26 AM
676,1557182.923,2101061.098,337.2122,08;47;40 AM
677,1557287.188,2101372.129,337.3048,08;47;55 AM
678,1557391.302,2101683.212,337.2444,08;48;09 AM
679,1557495.001,2101994.436,337.2627,08;48;23 AM
680,1557530.319,2102254.299,337.0002,08;48;41 AM
681,1557224.701,2102142.318,337.806,08;48;51 AM
682,1556981.144,2102005.788,337.6075,08;49;06 AM
683,1557306.022,2101960.898,337.1854,08;49;21 AM
684,1557631.249,2101918.028,337.1046,08;49;35 AM
685,1557956.139,2101872.794,337.1884,08;49;49 AM
686,1558281.422,2101830.437,337.2694,08;50;04 AM
687,1558606.388,2101785.652,337.3659,08;50;18 AM
688,1558931.515,2101742.256,337.3564,08;50;32 AM
689,1559256.613,2101698.475,337.4304,08;50;46 AM
690,1559581.811,2101655.383,337.3728,08;51;01 AM
691,1559906.798,2101610.767,337.4796,08;51;15 AM
692,1560231.895,2101566.984,337.5458,08;51;29 AM
693,1560425.895,2101492.83,336.2343,08;51;51 AM
694,1560164.071,2101511.173,283.9415,08;52;19 AM
695,1531947.364,2105130.96,293.4876,07;12;52 AM
696,1531887.412,2105161.656,314.7305,07;13;12 AM
697,1531928.406,2105157.696,314.953,07;13;32 AM
698,1531957.415,2105119.513,315.4373,07;13;51 AM
699,1531982.43,2105136.461,315.2254,07;14;09 AM
700,1532033.023,2105097.524,319.7784,07;14;31 AM
701,1532299.481,2104906.256,320.8791,07;14;41 AM
702,1532568.26,2104718.192,320.8849,07;14;51 AM
703,1532701.934,2104543.132,320.1035,07;15;05 AM
704,1532389.545,2104443.155,321.1456,07;15;19 AM
705,1532076.793,2104344.209,321.2664,07;15;33 AM
706,1531763.758,2104246.134,321.2772,07;15;48 AM
707,1531451.086,2104146.993,321.4665,07;16;02 AM
708,1531137.829,2104049.649,321.5167,07;16;16 AM
709,1530824.888,2103951.306,321.6768,07;16;31 AM
710,1530511.898,2103853.112,321.8715,07;16;45 AM
711,1530198.943,2103754.791,321.8765,07;16;59 AM
712,1529886.125,2103656.045,321.9933,07;17;14 AM
713,1529869.507,2103351.591,320.5531,07;17;30 AM
714,1529917.59,2103449.13,319.5462,07;17;49 AM
715,1529902.534,2103776.824,319.8524,07;18;03 AM
716,1529888.279,2104104.558,319.8578,07;18;17 AM
717,1529873.681,2104432.279,319.9218,07;18;32 AM
718,1530063.09,2104570.731,320.2697,07;18;49 AM
719,1530188.708,2104379.44,320.1596,07;19;05 AM
720,1530200.849,2104051.629,320.317,07;19;20 AM
721,1530214.814,2103723.909,320.2929,07;19;34 AM
722,1530227.459,2103396.112,320.439,07;19;48 AM
723,1530502.583,2103481.265,319.4123,07;20;05 AM
724,1530750.479,2103628.317,319.2654,07;20;22 AM
725,1530664.601,2103898.438,319.9444,07;20;39 AM
726,1530350.633,2103803.766,321.2228,07;20;53 AM
727,1530038.148,2103704.01,321.6515,07;21;08 AM
728,1529724.69,2103607.3,321.8511,07;21;22 AM
729,1529412.003,2103508.178,321.974,07;21;36 AM
730,1529099.013,2103409.973,322.1248,07;21;51 AM
731,1528786.124,2103311.454,322.2376,07;22;05 AM
732,1528532.9,2103190.116,321.3901,07;22;22 AM
733,1528653.264,2102928.907,320.619,07;22;39 AM
734,1528967.049,2103024.468,320.4359,07;22;53 AM
735,1529279.992,2103122.787,320.312,07;23;07 AM
736,1529592.858,2103221.392,320.4132,07;23;21 AM
737,1529905.815,2103319.704,320.6271,07;23;36 AM
738,1530218.518,2103418.831,320.5477,07;23;50 AM
739,1530531.614,2103516.693,320.42,07;24;04 AM
740,1530844.576,2103614.945,320.3699,07;24;19 AM
741,1531157.727,2103712.627,320.3396,07;24;33 AM
742,1531470.696,2103810.87,320.2102,07;24;47 AM
743,1531783.684,2103909.065,320.0404,07;25;02 AM
744,1532096.255,2104008.578,320.0576,07;25;16 AM
745,1532409.149,2104107.081,320.1662,07;25;30 AM
746,1532722.382,2104204.493,320.17,07;25;45 AM
747,1533035.348,2104302.767,320.3765,07;25;59 AM
748,1533348.335,2104400.999,320.4463,07;26;13 AM
749,1533661.252,2104499.413,320.3951,07;26;27 AM
750,1533974.079,2104598.086,320.5368,07;26;42 AM
751,1534287.059,2104696.189,320.356,07;26;56 AM
752,1534600.029,2104794.227,320.3355,07;27;10 AM
753,1534912.921,2104892.667,320.5168,07;27;25 AM
754,1535226.014,2104990.551,320.4888,07;27;39 AM
755,1535538.869,2105089.205,320.5087,07;27;53 AM
756,1535851.734,2105187.829,320.6656,07;28;08 AM
757,1536164.939,2105285.341,320.8445,07;28;22 AM
758,1536477.842,2105383.834,320.9729,07;28;36 AM
759,1536648.059,2105552.421,320.4213,07;28;53 AM
760,1536494.12,2105732.138,320.8816,07;29;10 AM
761,1536180.979,2105634.491,321.6089,07;29;24 AM
762,1535867.889,2105536.616,321.7452,07;29;39 AM
763,1535555.162,2105437.57,321.822,07;29;53 AM
764,1535242.141,2105339.453,321.9565,07;30;07 AM
765,1534929.308,2105240.811,322.0755,07;30;22 AM
766,1534616.34,2105142.61,321.9479,07;30;36 AM
767,1534303.772,2105043.147,322.1112,07;30;50 AM
768,1533990.533,2104946.208,322.202,07;31;04 AM
769,1533677.689,2104847.561,322.2203,07;31;19 AM
770,1533364.494,2104750.0,322.3453,07;31;33 AM
771,1533051.706,2104651.174,322.49,07;31;47 AM
772,1532739.122,2104551.675,322.6962,07;32;02 AM
773,1532425.954,2104454.063,322.8999,07;32;16 AM
774,1532133.177,2104378.636,322.3865,07;32;33 AM
775,1532028.129,2104664.783,288.4422,07;32;48 AM
776,1531964.962,2104952.16,245.8605,07;33;05 AM
777,1536790.618,2105688.646,276.479,08;17;48 AM
778,1536776.352,2105631.135,330.612,08;18;09 AM
779,1536813.649,2105630.909,319.6246,08;18;28 AM
780,1536830.66,2105669.897,308.5476,08;18;48 AM
781,1536814.083,2105714.503,308.7867,08;19;07 AM
782,1536574.0,2105564.141,309.3176,08;19;22 AM
783,1536292.804,2105395.271,310.0531,08;19;32 AM
784,1536009.899,2105229.239,310.2399,08;19;42 AM
785,1536088.309,2105328.885,308.6852,08;20;01 AM
786,1536364.689,2105505.515,308.7752,08;20;16 AM
787,1536641.98,2105680.737,308.6836,08;20;30 AM
788,1536918.456,2105857.266,308.6028,08;20;44 AM
789,1537195.637,2106032.679,308.5285,08;20;59 AM
790,1537471.972,2106209.376,308.9497,08;21;13 AM
791,1537748.755,2106385.293,308.9918,08;21;27 AM
792,1538025.317,2106561.66,308.6159,08;21;41 AM
793,1538301.735,2106738.285,308.7964,08;21;56 AM
794,1538579.024,2106913.539,309.0396,08;22;10 AM
795,1538855.367,2107090.287,308.9938,08;22;24 AM
796,1539132.147,2107266.357,309.2799,08;22;39 AM
797,1539409.085,2107442.126,309.6846,08;22;53 AM
798,1539685.564,2107618.646,309.707,08;23;07 AM
799,1539962.291,2107794.695,309.5785,08;23;21 AM
800,1539926.57,2108098.343,309.7104,08;23;38 AM
801,1539977.224,2108203.319,309.3918,08;23;58 AM
802,1540022.141,2107878.43,310.2373,08;24;12 AM
803,1540067.736,2107553.611,310.0305,08;24;26 AM
804,1540114.51,2107228.944,309.9658,08;24;40 AM
805,1540159.373,2106904.018,310.0893,08;24;54 AM
806,1540205.44,2106579.26,310.2522,08;25;09 AM
807,1540250.457,2106254.329,310.2371,08;25;23 AM
808,1540044.4,2106107.214,310.1417,08;25;40 AM
809,1539913.697,2106294.33,309.5049,08;25;58 AM
810,1539865.271,2106618.773,309.7254,08;26;12 AM
811,1539817.223,2106943.271,310.0201,08;26;27 AM
812,1539768.434,2107267.65,309.9541,08;26;41 AM
813,1539719.942,2107592.092,310.0659,08;26;55 AM
814,1539672.216,2107916.645,310.0107,08;27;10 AM
815,1539630.592,2108227.841,309.9159,08;27;26 AM
816,1539825.669,2108100.695,310.0203,08;27;44 AM
817,1539550.776,2107921.957,310.389,08;27;58 AM
818,1539274.144,2107745.722,310.5354,08;28;13 AM
819,1539030.585,2107571.191,310.3064,08;28;30 AM
820,1539181.404,2107280.008,310.8613,08;28;43 AM
821,1539328.25,2107219.107,309.2964,08;29;04 AM
822,1539168.839,2107505.779,309.0633,08;29;18 AM
823,1539008.475,2107791.949,309.1375,08;29;32 AM
824,1538847.347,2108077.691,309.0055,08;29;46 AM
825,1538686.652,2108363.655,309.2806,08;30;00 AM
826,1538565.413,2108628.489,309.4673,08;30;18 AM
827,1538835.542,2108760.735,308.8729,08;30;34 AM
828,1538994.04,2108473.739,310.1772,08;30;48 AM
829,1539147.568,2108183.879,310.489,08;31;02 AM
830,1539301.589,2107894.269,310.6984,08;31;17 AM
831,1539455.39,2107604.548,310.7939,08;31;31 AM
832,1539607.106,2107338.686,310.08,08;31;48 AM
833,1539823.583,2107584.949,308.6987,08;32;03 AM
834,1539711.924,2107889.776,309.9085,08;32;18 AM
835,1539503.795,2107893.232,310.8046,08;32;35 AM
836,1539226.602,2107717.838,311.1725,08;32;49 AM
837,1538950.369,2107540.92,311.1355,08;33;04 AM
838,1538673.718,2107364.67,311.1437,08;33;18 AM
839,1538397.373,2107187.97,311.1725,08;33;32 AM
840,1538120.375,2107012.344,311.5313,08;33;47 AM
841,1537843.328,2106836.741,311.3405,08;34;01 AM
842,1537566.738,2106660.387,311.3694,08;34;15 AM
843,1537290.598,2106483.382,311.3666,08;34;30 AM
844,1537014.666,2106306.058,311.4578,08;34;44 AM
845,1536736.569,2106132.136,311.6422,08;34;58 AM
846,1536460.812,2105954.496,311.4975,08;35;12 AM
847,1536184.03,2105778.51,311.5876,08;35;27 AM
848,1535907.073,2105602.775,311.5461,08;35;41 AM
849,1535795.545,2105551.177,310.1711,08;36;08 AM
850,1536118.218,2105591.501,309.6337,08;36;18 AM
851,1536350.502,2105410.673,293.5574,08;36;35 AM
852,1536576.846,2105557.478,248.6343,08;37;01 AM
853,1536809.498,2105733.391,209.1586,08;37;31 AM
